CHANNEL,METRIC_NAME,TIME_PERIOD,LIFT_mean,LIFT_std,LIFT_count,DELTA_mean,EXPOSED_PERCENT_mean,CONTROL_PERCENT_mean,SIGNIFICANCE_LEVEL_mean,EXPOSED_POPULATION_sum,CONTROL_POPULATION_sum,CV,IS_CONSISTENT
OTT,Affinity ,Unknown,0.007747739565,0.009080591874855087,4,0.29822715290949997,0.59956442085,0.30133726795,0.1908553858,6346,3602,1.172031119357209,False
OTT,Aided Awareness,Unknown,-0.0022220986914825,0.004413312444789574,4,0.454532053035545,0.9219542402,0.46742218715,0.07494781593425,6346,3602,1.9861010051921586,False
OTT,BA MDS: Is different,Unknown,0.0095996600525,0.012149771002739656,4,0.3259056865145,0.659712627375,0.33380694085,0.2389430441,6346,3602,1.2656459641584434,False
OTT,BA MDS: Meets needs,Unknown,-0.0050554395380000006,0.006088721396147671,4,0.32646880837425,0.6787599348,0.352291126425,0.1535083699,6346,3602,1.20439011294287,False
OTT,BA MDS: Sets trends,Unknown,0.0005930045194999999,0.0027441134128983616,4,0.335491770443,0.69087694135,0.3553851709,0.0731384452025,6346,3602,4.627474703248635,False
OTT,BA: Has my favorite brands or stores,Unknown,0.00075389021625,0.0008902991380426988,4,0.3422244032768,0.70596300155,0.363738598275,0.026974912854999998,6346,3602,1.1809400345732353,False
OTT,BA: Is a brand I trust,Unknown,0.0036516482420000003,0.004216851102776355,4,0.3537236814235,0.7218583051,0.36813462365,0.141045861325,6346,3602,1.1547802042583362,False
OTT,BA: Is an essential part of my life,Unknown,0.024301658338,0.04282935138107317,4,0.311146672254,0.614009299125,0.302862626875,0.30183722895,6346,3602,1.7624044740231493,False
OTT,BA: Makes my life easier,Unknown,-0.0010251763857500001,0.0023096667570038,4,0.3539880039751,0.73080374875,0.376815744775,0.0244125430725,6346,3602,2.2529457263240515,False
OTT,BA: Offers a wide selection of brands or stores across a variety of categories,Unknown,-0.0070012283565,0.012002504170378948,4,0.35385012529375004,0.73973562355,0.38588549827499996,0.154576970525,6346,3602,1.7143426209253296,False
OTT,Brand Familiarity,Unknown,0.0020566534515,0.0031514177051994966,4,0.39482812942400003,0.8017394907,0.40691136127500005,0.131646214175,6346,3602,1.5323037057609492,False
OTT,Brand Favorability,Unknown,0.0118694836,0.01531704431962865,4,0.38943047281750004,0.77528881185,0.385858339025,0.337869449075,6346,3602,1.2904558307514449,False
OTT,Consideration (Top 2 Box),Unknown,0.006340598002,0.013431744879466507,4,0.35227457771035,0.712692831675,0.36041825395,0.11226887501999999,6346,3602,2.1183719382982114,False
OTT,DashPass Actions – Saw a Deal,Unknown,0.0377408673275,0.10574874818504647,4,0.1713050553275,0.3282236617,0.156918606375,0.419982051725,6285,3499,2.8019692093295463,False
OTT,DashPass Actions – Talked to others,Unknown,-0.004414812024999999,0.04259922808492852,4,0.151755675555,0.3118707239,0.16011504835,0.30446596722499997,6285,3499,9.649160110034023,False
OTT,DashPass Aided Awareness,Unknown,-0.006642924768250001,0.00963216229715671,4,0.3989517242855,0.81979614985,0.420844425575,0.22622559679999998,6346,3602,1.4499881653325104,False
OTT,DashPass Aided Awareness (DD aware non-users),Unknown,-0.0850353665775,0.12663375994788698,4,0.04416466347675,0.1089979232,0.064833259725,0.406086458325,6346,3602,1.4891893225682142,False
OTT,DashPass Aided Awareness (DD users),Unknown,0.009431525409500001,0.01655034545652257,4,0.35478706080625,0.710798226675,0.35601116585000003,0.172760405725,6346,3602,1.7547898921898746,False
OTT,DashPass Benefit Awareness: $0 Delivery + 1 Other Benefit (DP aware non-users),Unknown,-0.09477503545,0.12813320574997722,4,0.0413242052275,0.10479497292500001,0.0634707677,0.448274042375,6346,3602,1.3519721215781113,False
OTT,DashPass Benefit Awareness: $0 Delivery + 1 Other Benefit (DP users),Unknown,0.020816917679999998,0.07130233782001036,4,0.1600577450425,0.3304617282,0.170403983175,0.3787182434,6346,3602,3.425211115116941,False
OTT,DashPass Benefits Awareness: $0 delivery fees + 1 Other Benefit,Unknown,0.013124052689500001,0.032656255703499115,4,0.30878432094225,0.617795700525,0.3090113796,0.266466743075,6346,3602,2.4882752664979777,False
OTT,DashPass Benefits Awareness: $0 delivery fees on eligible orders,Unknown,0.01160392785425,0.0271314982867691,4,0.317647207216,0.6365835591,0.31893635185,0.21637262557499998,6346,3602,2.338130556097179,False
OTT,DashPass Benefits Awareness: Ability to add someone in your household to your DashPass membership for free,Unknown,0.0011377469825,0.005080579339362014,4,0.24330355537099999,0.499868650975,0.25656509562499996,0.0554223441875,6346,3602,4.465473798223863,False
OTT,DashPass Benefits Awareness: Access to exclusive deals for DashPass members,Unknown,0.0121173970975,0.03228146795385896,4,0.30477623347575,0.610847987575,0.306071754075,0.2820746729,6346,3602,2.664059590860409,False
OTT,DashPass Benefits Awareness: Discounted rides with Lyft,Unknown,0.0231898818975,0.05793128203373543,4,0.2490757170205,0.486406433375,0.23733071634999997,0.3289797914,6346,3602,2.4981275148270914,False
OTT,DashPass Benefits Awareness: Max [HBO] subscription included at no extra cost,Unknown,0.0759155879125,0.14396213516896475,4,0.25949750888425,0.4687488526,0.20925134372499998,0.343422707375,6346,3602,1.8963448631247501,False
OTT,DashPass Benefits Awareness: Reduced service fees on eligible orders,Unknown,0.01862363628,0.0549477428180313,4,0.3027195041825,0.600998186675,0.298278682475,0.422654087725,6346,3602,2.950430409610174,False
OTT,DashPass Benefits: Consistently adds valuable perks and benefits for members,Unknown,0.0151659779915,0.03192974646794281,4,0.30496605757325,0.6074914444,0.30252538682499996,0.187859065525,6346,3602,2.1053536069904832,False
OTT,DashPass Benefits: Makes members' lives better,Unknown,0.0452965100325,0.0826400386279798,4,0.32757322897600005,0.6265681032,0.2989948742,0.38373183712500003,6346,3602,1.8244239692790023,False
OTT,"DashPass Benefits: Provides more value than other non-delivery subscription services (e.g. TV streaming, audio streaming, fitness, fashion, etc)",Unknown,0.02187285728,0.03134147513011537,4,0.28521367829,0.5628158439,0.277602165625,0.33829514844999997,6346,3602,1.43289350489994,False
OTT,DashPass Benefits: Save more than other delivery subscription services,Unknown,0.015100484580999999,0.02664122939626663,4,0.28872794679925,0.5791845275,0.2904565807,0.1987276378,6346,3602,1.7642632097904747,False
OTT,DashPass Benefits: Saves subscription members more money than non-members who use the delivery service,Unknown,0.010979832781000001,0.0232702296154877,4,0.303411896879,0.613325999625,0.30991410275,0.14936674625250002,6346,3602,2.1193610212129603,False
OTT,DashPass Worth,Unknown,0.023097887206,0.04943999108409333,4,0.1536884584615,0.305450020125,0.15176156165,0.16423410122499998,6346,3602,2.140455126616542,False
OTT,First Choice Consideration,Unknown,-0.025380712567499998,0.029496878982155958,4,0.104281417105,0.221133337775,0.116851920675,0.2696117221,6346,3602,1.1621769445483068,False
OTT,More than Restaurant Aided Awareness,Unknown,-0.0121253229,0.014074358015679465,4,0.3576332111375,0.7458590533,0.38822584215,0.33822681779999997,6346,3602,1.160740883500881,False
OTT,More than Restaurant Aided Awareness: Alcoholic Beverages,Unknown,-0.0217175472475,0.03159204146432177,4,0.19101918948649999,0.411124411125,0.22010522165000002,0.278166123225,6346,3602,1.4546781505429194,False
OTT,More than Restaurant Aided Awareness: Baby Supplies,Unknown,-0.01306045932675,0.023622160859601265,4,0.179827155381,0.37258034485,0.19275318947499998,0.23602128628500002,6346,3602,1.8086776482063796,False
OTT,More than Restaurant Aided Awareness: Flowers,Unknown,-0.01595805666,0.01906859808196816,4,0.17321335129275,0.364559185325,0.19134583405,0.254551943025,6346,3602,1.1949198131226688,False
OTT,More than Restaurant Aided Awareness: Fresh Food & Produce,Unknown,-0.0012512733249999998,0.022270817496107237,4,0.22393102405,0.452389184625,0.228458160575,0.249944140675,6346,3602,17.798523353086935,False
OTT,More than Restaurant Aided Awareness: Health & Medicine,Unknown,-0.0241780398725,0.02987500690350053,4,0.18668181789,0.39417709905,0.20749528115,0.324809765775,6346,3602,1.2356256777241994,False
OTT,More than Restaurant Aided Awareness: Household Essentials,Unknown,-0.0112701627125,0.01305996984290946,4,0.1893467488735,0.3987860373,0.2094392884,0.195081365925,6346,3602,1.1588093425150237,False
OTT,More than Restaurant Aided Awareness: Packaged Food & Non-Alcoholic Beverages,Unknown,-0.00192946346,0.010514764383295416,4,0.23236547976849997,0.47674464665,0.24437916687499997,0.15427506489,6346,3602,5.449579430384971,False
OTT,More than Restaurant Aided Awareness: Personal Care & Beauty,Unknown,-0.02831579461,0.0385623265939059,4,0.16371202266,0.36089850245,0.19718647977499998,0.3349484133,6346,3602,1.3618663055384372,False
OTT,More than Restaurant Aided Awareness: Pet Supplies,Unknown,-0.0426049244775,0.0495396138292338,4,0.16934220717499998,0.377217280275,0.20787507312499998,0.420547779425,6346,3602,1.1627673194303176,False
OTT,More than Restaurant Aided Awareness: Prepared Restaurant Food,Unknown,-0.03111163508,0.04395700953475752,4,0.2601154598525,0.576448178825,0.316332718975,0.44898187342499996,6346,3602,1.412880082378413,False
OTT,More than Restaurant Consideration,Unknown,-0.005982223244,0.0076392338728438385,4,0.322139684504,0.6659874006,0.343847716125,0.20991133317500002,6346,3602,1.2769890994131277,False
OTT,More than Restaurant Consideration: Alcoholic Beverages,Unknown,0.029006287865,0.08090012648755998,4,0.1918982771975,0.371227405675,0.179329128475,0.38464816155000003,6346,3602,2.7890548030165867,False
OTT,More than Restaurant Consideration: Baby Supplies,Unknown,-0.040565185512500004,0.04684618923889119,4,0.131575238295,0.296592412775,0.165017174475,0.38051367162500005,6346,3602,1.1548372982161197,False
OTT,More than Restaurant Consideration: Flowers,Unknown,0.054966421187499996,0.1273638589354438,4,0.18112569181475002,0.334368942775,0.15324325095000002,0.3759625069,6346,3602,2.3171211838766723,False
OTT,More than Restaurant Consideration: Fresh Food & Produce,Unknown,0.0067714867335000005,0.00869526480910299,4,0.19262308060275002,0.385584071275,0.192960990675,0.09709562505,6346,3602,1.284099807223375,False
OTT,More than Restaurant Consideration: Health & Medicine,Unknown,0.0290310194325,0.09128578634625524,4,0.16987285985,0.3304927834,0.16061992355,0.414578886,6346,3602,3.14442234997995,False
OTT,More than Restaurant Consideration: Household Essentials,Unknown,-0.00714917034175,0.015667318083931795,4,0.16197648458667502,0.3371878319,0.1752113473,0.17672011662,6346,3602,2.1914875901665383,False
OTT,More than Restaurant Consideration: Packaged Food & Non-Alcoholic Beverages,Unknown,0.0007007027099999999,0.017516732738998106,4,0.192968406352,0.397581316825,0.2046129105,0.184829220225,6346,3602,24.998808323430218,False
OTT,More than Restaurant Consideration: Personal Care & Beauty,Unknown,-0.050221968335,0.07882158714827527,4,0.1348666957125,0.3156281572,0.1807614615,0.412619211875,6346,3602,1.569464315347115,False
OTT,More than Restaurant Consideration: Pet Supplies,Unknown,-0.03133010721,0.036509443482995924,4,0.1456859504675,0.321302061325,0.175616110875,0.35381998615,6346,3602,1.1653149872191555,False
OTT,More than Restaurant Consideration: Prepared Restaurant Food,Unknown,0.00140323357525,0.006255612339955919,4,0.25132808135375,0.5136883142,0.26236023285,0.1049230848325,6346,3602,4.4579979059020305,False
OTT,Unaided Brand Awareness (Any Mention),Unknown,-0.006668286124999999,0.022035752259766745,4,0.19594057469474999,0.4142272619,0.2182866872,0.2472238886725,6346,3602,3.304560099356377,False
OTT,Unaided Brand Awareness (Any Mention) - Amazon,Unknown,0.0249792124,0.029963744463393352,4,0.1184060397305,0.229404588475,0.11099854875000001,0.23941115275000002,6346,3602,1.1995472068364075,False
OTT,Unaided Brand Awareness (Any Mention) - GrubHub,Unknown,0.043059793913,0.08309145736505501,4,0.052417731241525004,0.10422053140000001,0.051802800164999996,0.1305808423375,6346,3602,1.9296761506322309,False
OTT,Unaided Brand Awareness (Any Mention) - Instacart,Unknown,-0.047666343185,0.10808332330201842,4,0.09130407272624999,0.22063912127500002,0.12933504855,0.317938880925,6346,3602,2.2674976950199714,False
OTT,Unaided Brand Awareness (Any Mention) - Uber Eats,Unknown,-0.02663563168,0.03773125165576291,4,0.14641332673,0.33497658055,0.1885632538,0.303037568875,6346,3602,1.416570558906411,False
OTT,Unaided Brand Awareness (First Mention),Unknown,-0.006762722686750001,0.020141631048398577,4,0.12337412352099998,0.252725454025,0.1293513305,0.1787540926725,6346,3602,2.9783316544771927,False
Other,Affinity ,Unknown,0.010882760033809964,0.10224172799883038,281,0.24063819753786775,0.4892502569341637,0.24861205939964415,0.18558515961374378,379089,177059,9.394834369331987,False
Other,Aided Awareness,Unknown,-0.004439619576415302,0.06730412309011342,281,0.37390529866053485,0.774412482563701,0.40050718390462636,0.1486849675899644,379089,177059,15.15988519549169,False
Other,BA MDS: Is different,Unknown,0.0010539329895822064,0.09524196529490203,281,0.27502645600576336,0.5653330242387901,0.29030656823060497,0.2188587683953025,379089,177059,90.3681412730588,False
Other,BA MDS: Meets needs,Unknown,-0.00512325174708185,0.08822910115498547,281,0.2763701138899065,0.5748176504665481,0.29844753657793593,0.19772769133801424,379089,177059,17.221308948021115,False
Other,BA MDS: Sets trends,Unknown,0.004437941411483987,0.09214275562129816,281,0.28871804617454444,0.5906485437725979,0.3019304975985765,0.21052964104491104,379089,177059,20.76249933873888,False
Other,BA: Has my favorite brands or stores,Unknown,-0.0019936155826149474,0.09984285313538953,281,0.2866495902755349,0.5985467725188612,0.3118971822437723,0.19116280162867616,379089,177059,50.08129651777178,False
Other,BA: Is a brand I trust,Unknown,-0.003441078492686121,0.08173206271082238,281,0.2920276847518285,0.606592449241993,0.31456476449288256,0.20428519789074734,379089,177059,23.751873979201786,False
Other,BA: Is an essential part of my life,Unknown,0.00874700369552918,0.09639744090126906,281,0.25105391808900446,0.5164498094124556,0.26539589132135233,0.19903950569743417,379089,177059,11.020624233935134,False
Other,BA: Makes my life easier,Unknown,0.0013965728953765123,0.08252015356727005,281,0.29717431431712277,0.6167275983779359,0.31955328406121,0.1825206672985765,379089,177059,59.08760927586443,False
Other,BA: Offers a wide selection of brands or stores across a variety of categories,Unknown,-0.00398670758654,0.09189380484673043,281,0.2993457032403418,0.6270794924725979,0.3277337892341637,0.21141927637935945,379089,177059,23.050048906768104,False
Other,Brand Familiarity,Unknown,-0.006051674287839751,0.08147542370988019,281,0.31716042936826006,0.6656498597935943,0.3484894304263345,0.1674824439818078,379089,177059,13.463286329470359,False
Other,Brand Favorability,Unknown,0.004798272176065908,0.0856163412053294,281,0.31644861255076495,0.6447532267391459,0.32830461418790036,0.2253573216406904,379089,177059,17.84316063444447,False
Other,Consideration (Top 2 Box),Unknown,-0.0008147082519850534,0.07444367227061936,281,0.288388393096299,0.5969905382839857,0.3086021451886121,0.1928325807342598,379089,177059,91.37463882222357,False
Other,DashPass Actions – Saw a Deal,Unknown,-0.01881040528291815,0.11617597819172794,281,0.13361011691478933,0.2751715155366548,0.14156139862160144,0.19273158008745553,302314,131692,6.17615497616248,False
Other,DashPass Actions – Talked to others,Unknown,-0.017209521138120996,0.11673109141210741,281,0.13248057578819714,0.2720392654914235,0.13955868970306048,0.24347570907206761,302314,131692,6.7829366357867515,False
Other,DashPass Aided Awareness,Unknown,-0.004504937468506085,0.08276088748586238,281,0.33166539727396405,0.6906229265879004,0.3589575293149466,0.16363752140111743,379089,177059,18.371151223394744,False
Other,DashPass Aided Awareness (DD aware non-users),Unknown,0.01512265750844662,0.17507455120593363,281,0.05647450451713911,0.10543236710231317,0.048957862587615655,0.17791965528889322,379089,177059,11.576969927947344,False
Other,DashPass Aided Awareness (DD users),Unknown,-0.0072601905638490045,0.0878447175743838,281,0.27519089275453884,0.585190559483274,0.30999966672704626,0.18992956438319575,379089,177059,12.09950576391107,False
Other,DashPass Benefit Awareness: $0 Delivery + 1 Other Benefit (DP aware non-users),Unknown,0.030750704821891815,0.3588935852434593,281,0.04287355706376616,0.08529865993868327,0.042425102873950175,0.14508013412435586,379089,177059,11.671068592481772,False
Other,DashPass Benefit Awareness: $0 Delivery + 1 Other Benefit (DP users),Unknown,0.00955930139807751,0.14392630946086327,281,0.13778034459559405,0.2898513293058719,0.1520709847125267,0.17177652324032883,379089,177059,15.056153527056756,False
Other,DashPass Benefits Awareness: $0 delivery fees + 1 Other Benefit,Unknown,0.005016522566959074,0.10741880731280562,281,0.2522946188722409,0.5211235852523132,0.26882896637829184,0.1973979132237865,379089,177059,21.413001910987308,False
Other,DashPass Benefits Awareness: $0 delivery fees on eligible orders,Unknown,0.006951733446785053,0.11119770798654259,281,0.2586764978286448,0.5338160761975089,0.2751395783661922,0.20851866015619216,379089,177059,15.995680622358709,False
Other,DashPass Benefits Awareness: Ability to add someone in your household to your DashPass membership for free,Unknown,0.011376147621154091,0.1715474168222738,281,0.20872763868986477,0.4337470317622776,0.22501939307295374,0.19661991328156583,379089,177059,15.079570214373732,False
Other,DashPass Benefits Awareness: Access to exclusive deals for DashPass members,Unknown,-0.004448749783308542,0.10296496119326194,281,0.243391415405716,0.5138037488352313,0.27041233342846976,0.18508123631854448,379089,177059,23.14469597269342,False
Other,DashPass Benefits Awareness: Discounted rides with Lyft,Unknown,0.011045745822739504,0.17559232429053065,281,0.20028210065755517,0.4159731079604982,0.21569100730604981,0.18439198416213523,379089,177059,15.896828254824102,False
Other,DashPass Benefits Awareness: Max [HBO] subscription included at no extra cost,Unknown,0.01257783267257829,0.14822073649649203,281,0.19394240490716977,0.3950792098270463,0.20113680491743774,0.24069364255870748,379089,177059,11.78428274210049,False
Other,DashPass Benefits Awareness: Reduced service fees on eligible orders,Unknown,-0.0038991618964092883,0.12019313881716955,281,0.23783232002655644,0.5047888295928825,0.2669565095647687,0.1854153436014626,379089,177059,30.82537786590872,False
Other,DashPass Benefits: Consistently adds valuable perks and benefits for members,Unknown,0.008677689113993237,0.16003074709125728,281,0.24317529181692066,0.5059048562234876,0.2627295644047687,0.17716370400685053,379089,177059,18.441631751153558,False
Other,DashPass Benefits: Makes members' lives better,Unknown,-0.002933031995228078,0.10407427415860224,281,0.2489876493472529,0.5217542845672598,0.2727666352172242,0.19063658809854803,379089,177059,35.483511372506946,False
Other,"DashPass Benefits: Provides more value than other non-delivery subscription services (e.g. TV streaming, audio streaming, fitness, fashion, etc)",Unknown,0.011735392293547973,0.1157057813445966,281,0.23137982802032003,0.47323794943879,0.24185812142206406,0.19591452605508541,379089,177059,9.859558031835947,False
Other,DashPass Benefits: Save more than other delivery subscription services,Unknown,0.005376829722113879,0.1061733855649374,281,0.23661504322913426,0.4887125027341637,0.25209745950676155,0.18497866603206048,379089,177059,19.746466050108754,False
Other,DashPass Benefits: Saves subscription members more money than non-members who use the delivery service,Unknown,-0.0015120256302761925,0.11271107345369218,281,0.24826597956067623,0.5190430119907473,0.2707770324298932,0.17202946216496443,379089,177059,74.54309715180155,False
Other,DashPass Worth,Unknown,0.025620383939185764,0.23359646174351892,281,0.13479171341502527,0.2704427891988968,0.13565107578274022,0.17027747262969395,379089,177059,9.117601917988384,False
Other,First Choice Consideration,Unknown,0.007770785845575445,0.15314246211070595,281,0.09424626669333382,0.19016985531765124,0.0959235886255516,0.16448009193565835,379089,177059,19.70746140146208,False
Other,More than Restaurant Aided Awareness,Unknown,-0.008350267619214256,0.09629786530129071,281,0.293563530790936,0.6217334124718861,0.3281698816811388,0.2256510735859217,379089,177059,11.532308866329743,False
Other,More than Restaurant Aided Awareness: Alcoholic Beverages,Unknown,-0.007360184458359074,0.1262417740620275,281,0.1603405381382032,0.3392752700855516,0.1789347319480427,0.2142179708995587,379089,177059,17.151985086277666,False
Other,More than Restaurant Aided Awareness: Baby Supplies,Unknown,-0.01574867612170854,0.12255448797821472,281,0.13647519512191245,0.29364636559622775,0.1571711704758007,0.23226733354994591,379089,177059,7.781891444785078,False
Other,More than Restaurant Aided Awareness: Flowers,Unknown,-0.0223266817962847,0.11684070220852055,281,0.1282528511577477,0.2847542774771174,0.15650142631743774,0.2629451167001779,379089,177059,5.233231846747759,False
Other,More than Restaurant Aided Awareness: Fresh Food & Produce,Unknown,-0.00989852631902847,0.14835846194786725,281,0.16289281939444591,0.3517887467875445,0.18889592739145908,0.2628227881626228,379089,177059,14.987934280951478,False
Other,More than Restaurant Aided Awareness: Health & Medicine,Unknown,-0.013310339952579358,0.2252197174925333,281,0.14172463576068184,0.30718676109444837,0.16546212533523133,0.26332934893781135,379089,177059,16.92065854778479,False
Other,More than Restaurant Aided Awareness: Household Essentials,Unknown,-0.006907038433906761,0.1545889264759395,281,0.15341446775246334,0.3254189763131673,0.17200450855978647,0.20132849710111744,379089,177059,22.381361846353716,False
Other,More than Restaurant Aided Awareness: Packaged Food & Non-Alcoholic Beverages,Unknown,-0.006393124812467259,0.1403562000318555,281,0.18336689361626973,0.38943626397117437,0.2060693703544484,0.20431620581122775,379089,177059,21.954240555126702,False
Other,More than Restaurant Aided Awareness: Personal Care & Beauty,Unknown,-0.009867734719523204,0.18787501526326342,281,0.14330716968368576,0.30649015017879006,0.1631829804941993,0.24121841226964733,379089,177059,19.03932570172917,False
Other,More than Restaurant Aided Awareness: Pet Supplies,Unknown,-0.017820873826051246,0.12822243826834623,281,0.138548778432889,0.30335110730427045,0.16480232886903914,0.24845868987381492,379089,177059,7.195070203622994,False
Other,More than Restaurant Aided Awareness: Prepared Restaurant Food,Unknown,-0.019021673069711743,0.0963420405298768,281,0.22129541534837188,0.47869009636797155,0.25739468102064056,0.28156802310209966,379089,177059,5.064856291914851,False
Other,More than Restaurant Consideration,Unknown,-0.006938059221924555,0.08317766470525391,281,0.2685764092470537,0.565379916597153,0.2968035073494662,0.19530224433709964,379089,177059,11.988606906439921,False
Other,More than Restaurant Consideration: Alcoholic Beverages,Unknown,0.0075204872426622785,0.1670938252554099,281,0.14755325619541423,0.3026206966614591,0.15506744046619217,0.21370728337265124,379089,177059,22.218483971027666,False
Other,More than Restaurant Consideration: Baby Supplies,Unknown,-0.003496408039774022,0.20006783844002948,281,0.114937939561637,0.246931032442242,0.13199309287807828,0.2728207967600356,379089,177059,57.220963961906506,False
Other,More than Restaurant Consideration: Flowers,Unknown,0.00880416412231242,0.20499279616588933,281,0.12445513206203829,0.2598367254049822,0.13538159334362987,0.20112750458993914,379089,177059,23.283618219516768,False
Other,More than Restaurant Consideration: Fresh Food & Produce,Unknown,0.021255417477315408,0.1817148433229762,281,0.15276455967979147,0.3101561301209964,0.15739157044377222,0.19531088494859963,379089,177059,8.549107234280823,False
Other,More than Restaurant Consideration: Health & Medicine,Unknown,-0.0098122412073637,0.15206588233573992,281,0.12696964860328444,0.2707974772188612,0.14382782861316726,0.2420381675343559,379089,177059,15.497568712601609,False
Other,More than Restaurant Consideration: Household Essentials,Unknown,0.0021201093050829184,0.16137278025243137,281,0.13621757238521995,0.28200332499459074,0.14578575261067617,0.16811904411571887,379089,177059,76.1153115386756,False
Other,More than Restaurant Consideration: Packaged Food & Non-Alcoholic Beverages,Unknown,-0.0028865787113274014,0.23211251562440516,281,0.1557825765139395,0.3321194633950178,0.17633688687935942,0.25972492237071176,379089,177059,80.41094279312674,False
Other,More than Restaurant Consideration: Personal Care & Beauty,Unknown,-0.009761585071728113,0.16703580513334532,281,0.12549445324930145,0.26793903402982205,0.14244458078174377,0.2164110071728114,379089,177059,17.11154529781449,False
Other,More than Restaurant Consideration: Pet Supplies,Unknown,0.016331116829601422,0.5891005179336428,281,0.12332122829300604,0.2657434622306762,0.1424222339347331,0.28845367452206405,379089,177059,36.07227381203055,False
Other,More than Restaurant Consideration: Prepared Restaurant Food,Unknown,-0.002345210791010676,0.11017151094579342,281,0.20182411681235943,0.4196597817327402,0.2178356649213523,0.21509505578768684,379089,177059,46.97723179856027,False
Other,Unaided Brand Awareness (Any Mention),Unknown,-0.026465684894288254,0.11629845523849741,281,0.16461337419787186,0.35557252846455517,0.1909591542669039,0.25889355152664767,379089,177059,4.394311188356837,False
Other,Unaided Brand Awareness (Any Mention) - Amazon,Unknown,-0.005570754180002312,0.19719143252945395,281,0.08737587514246037,0.18641143375217084,0.09903555860925267,0.190362879279,379089,177059,35.39761873487875,False
Other,Unaided Brand Awareness (Any Mention) - GrubHub,Unknown,-0.028399880698135233,0.32186396698757963,281,0.0338970803569484,0.08421903211177936,0.050321951753879005,0.23513377169889682,379089,177059,11.333285882736599,False
Other,Unaided Brand Awareness (Any Mention) - Instacart,Unknown,0.004349976921322777,0.24248832619571525,281,0.0900820648694432,0.18939973660323844,0.09931767173487545,0.17657932112259075,379089,177059,55.744738554147865,False
Other,Unaided Brand Awareness (Any Mention) - Uber Eats,Unknown,-0.008150557429023061,0.14165565089142979,281,0.15281060973014793,0.31891814850565836,0.1661075387780783,0.16647318461281138,379089,177059,17.37987274183391,False
Other,Unaided Brand Awareness (First Mention),Unknown,-0.03170232196940079,0.13403627257139936,281,0.08968212467919509,0.19918522341241995,0.10950309873380783,0.2253246475385274,379089,177059,4.227963891754419,False
Podcast,Affinity ,Unknown,0.011163982052352943,0.04493774242043282,17,0.3772288185117647,0.5537065368705882,0.17647771836470588,0.10778970405294118,4147,305,4.025243162314262,False
Podcast,Aided Awareness,Unknown,-0.0019136670629411768,0.015613305875738896,17,0.5408106648688236,0.8142729063294117,0.2734622414647059,0.06832501098235294,4147,305,8.158841304266533,False
Podcast,BA MDS: Is different,Unknown,0.05902805747411765,0.1792495619377893,17,0.4475043621829412,0.6282578918823529,0.18075352969411765,0.21116428082352942,4147,305,3.03668407208531,False
Podcast,BA MDS: Meets needs,Unknown,0.013543995702352943,0.07485769409753862,17,0.43179722613823524,0.6323022200588235,0.20050499391764706,0.1683621005705882,4147,305,5.527002203975441,False
Podcast,BA MDS: Sets trends,Unknown,0.09628484029,0.39202893170671027,17,0.4526166572347059,0.6340077106294117,0.1813910533882353,0.19097286787058823,4147,305,4.071554052807893,False
Podcast,BA: Has my favorite brands or stores,Unknown,0.010778965415294118,0.0793118912754158,17,0.43865670640470583,0.6493360488470588,0.21067934244705883,0.1463098822764706,4147,305,7.358024468923641,False
Podcast,BA: Is a brand I trust,Unknown,0.01926241831352941,0.08703044762441633,17,0.44302836341,0.6468425274588235,0.20381416405294117,0.13444708541176473,4147,305,4.5181475247730685,False
Podcast,BA: Is an essential part of my life,Unknown,0.06461045333882354,0.19434295561899412,17,0.4120298596605882,0.5768624997882352,0.1648326401235294,0.1522377439,4147,305,3.007918155284264,False
Podcast,BA: Makes my life easier,Unknown,-0.003081931728235296,0.05592047626896637,17,0.4447094860041177,0.6699290768764705,0.22521959087058824,0.17069715502941177,4147,305,18.144618765123084,False
Podcast,BA: Offers a wide selection of brands or stores across a variety of categories,Unknown,0.010902102098764707,0.05261215079870076,17,0.4655567227454118,0.684361125317647,0.21880440257058822,0.13140170132764706,4147,305,4.825872141177446,False
Podcast,Brand Familiarity,Unknown,-0.010914480874117647,0.04316541075143452,17,0.4645157891905882,0.7086073490529411,0.24409155985294118,0.1486980179235294,4147,305,3.9548752935923868,False
Podcast,Brand Favorability,Unknown,0.01649477062352941,0.058704756891578676,17,0.4776201560747059,0.6965951157470588,0.2189749596882353,0.16749037122352942,4147,305,3.558992012161581,False
Podcast,Consideration (Top 2 Box),Unknown,-0.014881658491176468,0.0750626206077979,17,0.40818709591411767,0.6276356995941177,0.2194486036882353,0.1805095223882353,4147,305,5.043968765464113,False
Podcast,DashPass Actions – Saw a Deal,Unknown,-0.01589858554705882,0.10241876911713242,17,0.18187834480588236,0.28034004868235296,0.09846170387647059,0.15676631728235293,4147,305,6.442005096238232,False
Podcast,DashPass Actions – Talked to others,Unknown,0.0509291782,0.25103510892964886,17,0.19896779249529412,0.2907473245117647,0.09177953201764705,0.17265592501176472,4147,305,4.929101898008809,False
Podcast,DashPass Aided Awareness,Unknown,-0.003753710813529413,0.037459647524463596,17,0.48262135506529413,0.7290783055235294,0.24645695045882351,0.12999562036470588,4147,305,9.979364257216794,False
Podcast,DashPass Aided Awareness (DD aware non-users),Unknown,-0.0117813843717647,0.16594744738706663,17,0.05532763328788235,0.08975459194764707,0.03442695866529412,0.1223043513882353,4147,305,14.085564323389429,False
Podcast,DashPass Aided Awareness (DD users),Unknown,0.0029974510435294118,0.06948277691426338,17,0.4272937217664706,0.639323713564706,0.21202999179411763,0.18553032820588236,4147,305,23.180621102805212,False
Podcast,DashPass Benefit Awareness: $0 Delivery + 1 Other Benefit (DP aware non-users),Unknown,0.06312180886470588,0.2531891731413933,17,0.06183526640294118,0.08468244972117647,0.022847183314117645,0.12261620345882353,4147,305,4.011120367036285,False
Podcast,DashPass Benefit Awareness: $0 Delivery + 1 Other Benefit (DP users),Unknown,0.08050956642411766,0.18956795090361656,17,0.22544601933705882,0.3103397748235294,0.08489375548235294,0.1259941644235294,4147,305,2.354601562564484,False
Podcast,DashPass Benefits Awareness: $0 delivery fees + 1 Other Benefit,Unknown,-0.004903281979411767,0.09822868302656046,17,0.36043029726058823,0.5471102055882353,0.18667990832941175,0.14155519664705882,4147,305,20.033251899240085,False
Podcast,DashPass Benefits Awareness: $0 delivery fees on eligible orders,Unknown,-0.002304861052941177,0.07708131777705372,17,0.37185510061529414,0.5610560173470588,0.18920091672941175,0.15419495817058823,4147,305,33.44293473946819,False
Podcast,DashPass Benefits Awareness: Ability to add someone in your household to your DashPass membership for free,Unknown,0.04840466065941176,0.11504309226074547,17,0.3448524034370588,0.4807077637588235,0.1358553603235294,0.13198199572941174,4147,305,2.376694530929979,False
Podcast,DashPass Benefits Awareness: Access to exclusive deals for DashPass members,Unknown,-0.013844340314117647,0.1003955611896906,17,0.3567610147635294,0.5479319962941176,0.1911709815235294,0.1582709879,4147,305,7.251740343836614,False
Podcast,DashPass Benefits Awareness: Discounted rides with Lyft,Unknown,-0.013393441318823529,0.13002301939848276,17,0.2935496752784706,0.4448982308705882,0.1513485555882353,0.13173262253058823,4147,305,9.707962001949765,False
Podcast,DashPass Benefits Awareness: Max [HBO] subscription included at no extra cost,Unknown,0.08007145906470589,0.18256157682428728,17,0.3352848731452941,0.45366067599411763,0.11837580284117646,0.18595925413529413,4147,305,2.279983142017669,False
Podcast,DashPass Benefits Awareness: Reduced service fees on eligible orders,Unknown,-0.01959649729529412,0.08233227036671181,17,0.3459152347405882,0.5349717381470588,0.18905650341176472,0.14778753138823528,4147,305,4.201376864756488,False
Podcast,DashPass Benefits: Consistently adds valuable perks and benefits for members,Unknown,0.014449274890588235,0.06946987447592848,17,0.3804055233911765,0.5532748327352941,0.17286930933529412,0.1378538467588235,4147,305,4.807845030422861,False
Podcast,DashPass Benefits: Makes members' lives better,Unknown,0.08719756409200001,0.31202590338799746,17,0.41741965771788825,0.5824608822941176,0.16504122457058823,0.13312262919941176,4147,305,3.5783786696012125,False
Podcast,"DashPass Benefits: Provides more value than other non-delivery subscription services (e.g. TV streaming, audio streaming, fitness, fashion, etc)",Unknown,0.07474793936764705,0.2653751480454831,17,0.37909921424235293,0.5276810550588236,0.14858184081764705,0.13628376406470588,4147,305,3.550267074791693,False
Podcast,DashPass Benefits: Save more than other delivery subscription services,Unknown,0.005863928051764706,0.046103444945122425,17,0.3664979960311765,0.5376000530117647,0.1711020569882353,0.10749546087058824,4147,305,7.862211906104123,False
Podcast,DashPass Benefits: Saves subscription members more money than non-members who use the delivery service,Unknown,0.01932552962864706,0.08753108016105174,17,0.3860835822672941,0.5607374599764706,0.17465387771176472,0.15025893327647058,4147,305,4.529297868830496,False
Podcast,DashPass Worth,Unknown,0.0704487896764706,0.15107375054686786,17,0.22646443704529412,0.30798315361764705,0.08151871657647058,0.12821362251764706,4147,305,2.14444777888534,False
Podcast,First Choice Consideration,Unknown,-0.05538214092235294,0.17461926695216545,17,0.0865667157482353,0.16510798275882352,0.07854126700588236,0.12683806764,4147,305,3.1529887440968696,False
Podcast,More than Restaurant Aided Awareness,Unknown,-0.007785262344705882,0.054583467691943756,17,0.42792308061411766,0.6558211085117647,0.22789802790000002,0.17194366459411764,4147,305,7.011127599195356,False
Podcast,More than Restaurant Aided Awareness: Alcoholic Beverages,Unknown,-0.01599862734882353,0.10822607049850275,17,0.21164657320764704,0.33399487414705886,0.12234830093529411,0.17041696604117648,4147,305,6.76470975533168,False
Podcast,More than Restaurant Aided Awareness: Baby Supplies,Unknown,-0.028460657608764706,0.10637214540845173,17,0.1893196977777647,0.3017925495470588,0.11247285175882353,0.13840690075999998,4147,305,3.737515375459684,False
Podcast,More than Restaurant Aided Awareness: Flowers,Unknown,-0.02995607688411765,0.11273023316348584,17,0.17882549881588236,0.28463790862352945,0.10581240981176471,0.15990531088823529,4147,305,3.76318413120558,False
Podcast,More than Restaurant Aided Awareness: Fresh Food & Produce,Unknown,-0.025449588775882354,0.06700883923359381,17,0.22343827444941175,0.3536030029705883,0.13016472851764704,0.12068583499411766,4147,305,2.6330028285995586,False
Podcast,More than Restaurant Aided Awareness: Health & Medicine,Unknown,0.004980705187647059,0.08787556622431339,17,0.20603554653941175,0.3089939824411765,0.1029584359,0.12743131702352942,4147,305,17.643197682580926,False
Podcast,More than Restaurant Aided Awareness: Household Essentials,Unknown,0.04537838123705882,0.23496074295293393,17,0.23829029285305883,0.34989553293529413,0.11160524007647057,0.10498656184764706,4147,305,5.177812353540948,False
Podcast,More than Restaurant Aided Awareness: Packaged Food & Non-Alcoholic Beverages,Unknown,-0.025146915382352943,0.10311336786125137,17,0.2505744681435294,0.40007179434117646,0.14949732620588235,0.16910522405294118,4147,305,4.100438017682759,False
Podcast,More than Restaurant Aided Awareness: Personal Care & Beauty,Unknown,0.1217957267164706,0.4220367462243126,17,0.21836071485705882,0.30389380485882356,0.0855330900064706,0.12436488180058823,4147,305,3.465119488196625,False
Podcast,More than Restaurant Aided Awareness: Pet Supplies,Unknown,0.13477977652941175,0.5692344685049759,17,0.21143029395000001,0.3028917997705882,0.09146150581235295,0.15966034828235295,4147,305,4.223441254784668,False
Podcast,More than Restaurant Aided Awareness: Prepared Restaurant Food,Unknown,0.0009793729400000006,0.13525465108164497,17,0.30474458708823526,0.46529960505294116,0.1605550179647059,0.15488388505294118,4147,305,138.10331647681105,False
Podcast,More than Restaurant Consideration,Unknown,0.008150472911764706,0.06456421056547855,17,0.3968616168088235,0.5882848689352942,0.19142325212941175,0.17482993973529415,4147,305,7.921529371907253,False
Podcast,More than Restaurant Consideration: Alcoholic Beverages,Unknown,-0.005332487519411764,0.09142740870621889,17,0.21335903739547057,0.3222327606235294,0.10887372322352941,0.13743933551764706,4147,305,17.145358216666658,False
Podcast,More than Restaurant Consideration: Baby Supplies,Unknown,-0.04046260028235294,0.14576703229055252,17,0.14784092651588238,0.24520210128823527,0.09736117477058824,0.14581058982941175,4147,305,3.6025127222020448,False
Podcast,More than Restaurant Consideration: Flowers,Unknown,-0.011891352463529414,0.1280546619988496,17,0.17186242918,0.26677797115294116,0.09491554197647059,0.1373839130529412,4147,305,10.768721421015076,False
Podcast,More than Restaurant Consideration: Fresh Food & Produce,Unknown,0.012409084609411767,0.08907844526003597,17,0.22097065056694118,0.32838349044705883,0.10741283988235295,0.07224040203176471,4147,305,7.178486412484748,False
Podcast,More than Restaurant Consideration: Health & Medicine,Unknown,-0.00922385786764706,0.13122570133089073,17,0.18432028608999998,0.2801016289235294,0.09578134284117648,0.17045403305294118,4147,305,14.226769667729656,False
Podcast,More than Restaurant Consideration: Household Essentials,Unknown,0.003927548864705882,0.14366754644712873,17,0.1882968903564706,0.282763574,0.09446668364117647,0.17761684649411766,4147,305,36.57944213964284,False
Podcast,More than Restaurant Consideration: Packaged Food & Non-Alcoholic Beverages,Unknown,-0.012127676796470588,0.050627786408372955,17,0.23543702171511766,0.35534093479411766,0.1199039130764706,0.07304584159235293,4147,305,4.174565933609537,False
Podcast,More than Restaurant Consideration: Personal Care & Beauty,Unknown,-0.0419266347417647,0.14818873506721175,17,0.16518237396217647,0.2676807470470588,0.1024983730882353,0.14629153826176472,4147,305,3.534477211918832,False
Podcast,More than Restaurant Consideration: Pet Supplies,Unknown,0.022764749205882354,0.11774031417181686,17,0.19291832364,0.28378214391764706,0.0908638202764706,0.15700253695882355,4147,305,5.172045301574992,False
Podcast,More than Restaurant Consideration: Prepared Restaurant Food,Unknown,-0.0032206233588235288,0.07392275127388137,17,0.2748587545464706,0.41593778009411764,0.1410790255529412,0.11495864833529412,4147,305,22.952932720727965,False
Podcast,Unaided Brand Awareness (Any Mention),Unknown,0.008474698161764705,0.11367327656302664,17,0.22803224064176472,0.3442361848470588,0.11620394419999999,0.12349430902941178,4147,305,13.413253710425506,False
Podcast,Unaided Brand Awareness (Any Mention) - Amazon,Unknown,-0.036711712652941174,0.1449000599289315,17,0.12663547323705884,0.21011542682941176,0.08347995358823529,0.12345373226470588,4147,305,3.946970856379341,False
Podcast,Unaided Brand Awareness (Any Mention) - GrubHub,Unknown,-0.019515523488235296,0.22473908603727963,17,0.05381611576117647,0.07837758479235295,0.024561469032941177,0.11970694357647058,4147,305,11.51591378897732,False
Podcast,Unaided Brand Awareness (Any Mention) - Instacart,Unknown,0.07572066394705881,0.17833038368900683,17,0.14055325602411764,0.19100567942352942,0.05045242339411765,0.12524767379411764,4147,305,2.355108558130038,False
Podcast,Unaided Brand Awareness (Any Mention) - Uber Eats,Unknown,-0.03324141108,0.05868104509632455,17,0.18497651515882355,0.29359502518823527,0.10861851002941177,0.09269634061764706,4147,305,1.7652994620204476,False
Podcast,Unaided Brand Awareness (First Mention),Unknown,-0.030214169415294118,0.12624847372034817,17,0.11107620113352941,0.18261104537647058,0.07153484423529412,0.11812625809411766,4147,305,4.178452565915727,False
Social,Affinity ,Unknown,0.0031015580157000002,0.019051125784980912,40,0.38047501908035,0.45627254678250007,0.075797527705,0.088254981465,46307,12927,6.142437345535581,False
Social,Aided Awareness,Unknown,-0.000470552399355,0.002395254305552758,40,0.5893363898182951,0.70823772235,0.11890133252499999,0.02347601662275,46307,12927,5.090303032852459,False
Social,BA MDS: Is different,Unknown,0.0032033366481000005,0.020216980377859108,40,0.43774462282042503,0.5260942553325,0.088349632515,0.08391150486250001,46307,12927,6.311225637133841,False
Social,BA MDS: Meets needs,Unknown,0.00115857586135,0.01664844575888123,40,0.43781213957864995,0.52897461336,0.0911624737825,0.08412985169750001,46307,12927,14.369750237573625,False
Social,BA MDS: Sets trends,Unknown,0.0028023968489,0.011580115954144323,40,0.45171093595177503,0.543797863815,0.0920869278625,0.07867679879350001,46307,12927,4.132218446752023,False
Social,BA: Has my favorite brands or stores,Unknown,0.001185046822725,0.004525045660708186,40,0.45812038642760006,0.55364829009,0.0955279036625,0.05969487820875,46307,12927,3.8184530551315277,False
Social,BA: Is a brand I trust,Unknown,0.0012631670538500001,0.005973723934416628,40,0.4579752827327,0.55389303718,0.09591775444499999,0.072516522445,46307,12927,4.729163823747101,False
Social,BA: Is an essential part of my life,Unknown,0.0032863294877500003,0.021934359193634,40,0.3974460679823,0.47779289008500003,0.08034682209999999,0.1049133977725,46307,12927,6.674424848572155,False
Social,BA: Makes my life easier,Unknown,-0.00034402765977499994,0.007526845327034344,40,0.471839007076825,0.5704049798225,0.098565972745,0.06351570915925,46307,12927,21.878605144589336,False
Social,BA: Offers a wide selection of brands or stores across a variety of categories,Unknown,-0.0014414037179,0.011622551288860188,40,0.47527915464335,0.57608150116,0.1008023465175,0.07325814560375,46307,12927,8.063355980372545,False
Social,Brand Familiarity,Unknown,0.00054508706265,0.0034413710757773336,40,0.5132305615399,0.6180264339775,0.10479587243499999,0.053729967655,46307,12927,6.313433782571786,False
Social,Brand Favorability,Unknown,0.0013564956073249998,0.004837299992639312,40,0.4904704953018725,0.59130162254,0.10083112723750001,0.05467870039575,46307,12927,3.566027023248851,False
Social,Consideration (Top 2 Box),Unknown,0.0037940635617499997,0.02130335499402674,40,0.459095317539475,0.55531935648,0.0962240389425,0.0707168213375,46307,12927,5.614917791256147,False
Social,DashPass Actions – Saw a Deal,Unknown,-0.0003757857982499998,0.020532069754220082,40,0.202382773946525,0.24658028979750002,0.0441975158475,0.067418911395,36803,9778,54.6376947980367,False
Social,DashPass Actions – Talked to others,Unknown,-0.0010604824495000001,0.0105669834069263,40,0.20558342159735,0.24862980942275,0.0430463878275,0.055301867763500004,36803,9778,9.964317101059482,False
Social,DashPass Aided Awareness,Unknown,0.0006421879990475,0.004447957217172239,40,0.5220686249319024,0.62905992975,0.10699130481750001,0.026197277982,46307,12927,6.926254031170773,False
Social,DashPass Aided Awareness (DD aware non-users),Unknown,0.003572322928,0.024159787837159368,40,0.08365160771765,0.09787900350025,0.014227395782749999,0.06434914700750001,46307,12927,6.7630469932586585,False
Social,DashPass Aided Awareness (DD users),Unknown,0.00037400226372499997,0.005179254589296527,40,0.43841701720717496,0.531180926245,0.09276390903500001,0.0561257065675,46307,12927,13.848190483426539,False
Social,DashPass Benefit Awareness: $0 Delivery + 1 Other Benefit (DP aware non-users),Unknown,0.0012198771182749999,0.010717877246012789,40,0.0645944808191075,0.07755988760525,0.01296540678575,0.020013169479,46307,12927,8.786030236527997,False
Social,DashPass Benefit Awareness: $0 Delivery + 1 Other Benefit (DP users),Unknown,0.00584308353225,0.03398944362582306,40,0.22050544375130002,0.2666762823075,0.046170838557499996,0.054634752652999996,46307,12927,5.817038801212332,False
Social,DashPass Benefits Awareness: $0 delivery fees + 1 Other Benefit,Unknown,0.00403939496275,0.014631702440770568,40,0.392553168215325,0.47323274282499994,0.0806795746125,0.08509431978500001,46307,12927,3.622250999394567,False
Social,DashPass Benefits Awareness: $0 delivery fees on eligible orders,Unknown,0.003706978213,0.012307700441984303,40,0.40090294905762497,0.483698271065,0.08279532200749999,0.086227096755,46307,12927,3.320143722135305,False
Social,DashPass Benefits Awareness: Ability to add someone in your household to your DashPass membership for free,Unknown,0.0056350983791,0.025353220845335617,40,0.337720702203975,0.4036431615925,0.06592245939,0.0704004320005,46307,12927,4.499162062434988,False
Social,DashPass Benefits Awareness: Access to exclusive deals for DashPass members,Unknown,0.0017259950664500004,0.013063696448637405,40,0.389149046192605,0.47015377016000004,0.08100472397,0.044582137563,46307,12927,7.5687913033880285,False
Social,DashPass Benefits Awareness: Discounted rides with Lyft,Unknown,0.0027289826843125,0.016191401311059863,40,0.32019286398185,0.3825665079475,0.0623736439625,0.05061379342175,46307,12927,5.93312717011207,False
Social,DashPass Benefits Awareness: Max [HBO] subscription included at no extra cost,Unknown,0.0039517253284999995,0.016043965256981943,40,0.30770745901325,0.3665050696225,0.058797610612499995,0.09157944278499999,46307,12927,4.05998998494967,False
Social,DashPass Benefits Awareness: Reduced service fees on eligible orders,Unknown,-0.0005652059805,0.002845699896745274,40,0.37540559092335,0.45574701263249995,0.0803414217125,0.033562560965,46307,12927,5.034801461633285,False
Social,DashPass Benefits: Consistently adds valuable perks and benefits for members,Unknown,0.0018714344533325004,0.017476494173511978,40,0.3823882516086075,0.4619426279125,0.0795543763025,0.06429664158675,46307,12927,9.338555321770013,False
Social,DashPass Benefits: Makes members' lives better,Unknown,0.0014606496755249997,0.013551626849105863,40,0.39702736038130004,0.48025707944749996,0.08322971906750001,0.07991076999749999,46307,12927,9.277807729108636,False
Social,"DashPass Benefits: Provides more value than other non-delivery subscription services (e.g. TV streaming, audio streaming, fitness, fashion, etc)",Unknown,0.00257799608825,0.017637909568827527,40,0.362748830452575,0.4360661785725,0.07331734812249999,0.0847501916825,46307,12927,6.841713084522375,False
Social,DashPass Benefits: Save more than other delivery subscription services,Unknown,0.004322924396324999,0.025169389331615603,40,0.37054024000117497,0.4465135829225,0.07597334291999999,0.0717050662125,46307,12927,5.822306157612329,False
Social,DashPass Benefits: Saves subscription members more money than non-members who use the delivery service,Unknown,0.00121770078155,0.011928390261557158,40,0.391762506725025,0.47472251872250004,0.0829600120025,0.0721170414425,46307,12927,9.795830340499265,False
Social,DashPass Worth,Unknown,0.0020925009832500003,0.007816237769627766,40,0.1962505414245525,0.23792071473999998,0.041670173314999996,0.03773547993425,46307,12927,3.7353567965773933,False
Social,First Choice Consideration,Unknown,0.004440520342975001,0.04529036402090964,40,0.1526421584122575,0.1826148051825,0.0299726467725,0.05447136303325001,46307,12927,10.19933713231603,False
Social,More than Restaurant Aided Awareness,Unknown,-0.0010844756286,0.004814287940560398,40,0.46909239004052494,0.56824582987,0.0991534398275,0.07093259543925,46307,12927,4.439277207893907,False
Social,More than Restaurant Aided Awareness: Alcoholic Beverages,Unknown,-0.00199430054694,0.02736819821854873,40,0.2532832534527625,0.30905668743,0.055773433977499995,0.0667825762955,46307,12927,13.72320649489955,False
Social,More than Restaurant Aided Awareness: Baby Supplies,Unknown,-0.00603385355575,0.023634589816983208,40,0.221531975485075,0.27113699870749997,0.04960502322,0.06969810036749999,46307,12927,3.9169975868009708,False
Social,More than Restaurant Aided Awareness: Flowers,Unknown,-0.0081910379095,0.03426387126033087,40,0.2013758812981,0.25063357176525003,0.049257690467500004,0.078378651145,46307,12927,4.183092745864537,False
Social,More than Restaurant Aided Awareness: Fresh Food & Produce,Unknown,-0.006567077115,0.020987853122359262,40,0.2603551574805,0.31932524049275,0.05897008300499999,0.0957632728125,46307,12927,3.195920004414211,False
Social,More than Restaurant Aided Awareness: Health & Medicine,Unknown,-0.01220466127225,0.05014692654239144,40,0.21813208474025,0.26984442944000003,0.0517123446975,0.101654383485,46307,12927,4.108833946617722,False
Social,More than Restaurant Aided Awareness: Household Essentials,Unknown,-0.0038926065683750006,0.014838449083209951,40,0.2527752822153575,0.30730400572,0.054528723505,0.051046407849250006,46307,12927,3.811957058224967,False
Social,More than Restaurant Aided Awareness: Packaged Food & Non-Alcoholic Beverages,Unknown,-0.00659119311045,0.025033704938194436,40,0.2885001541156,0.35378869131,0.0652885371925,0.0840459466025,46307,12927,3.79805363288549,False
Social,More than Restaurant Aided Awareness: Personal Care & Beauty,Unknown,-0.002266313194725,0.009648719320341052,40,0.21400867359269998,0.265017471875,0.05100879828,0.06164400380775,46307,12927,4.25745185740396,False
Social,More than Restaurant Aided Awareness: Pet Supplies,Unknown,-0.00696783253555,0.02791606791971423,40,0.21738284032072502,0.26878135141750004,0.0513985110975,0.081612439759,46307,12927,4.006420616064749,False
Social,More than Restaurant Aided Awareness: Prepared Restaurant Food,Unknown,-0.006707965035499999,0.021420053766594827,40,0.35399857388575,0.43475094962250005,0.080752375735,0.112479563615,46307,12927,3.1932268062274143,False
Social,More than Restaurant Consideration,Unknown,0.00241425845575,0.016140749647784464,40,0.421540725959025,0.5097406692099999,0.0881999432475,0.060277355985,46307,12927,6.685593089398653,False
Social,More than Restaurant Consideration: Alcoholic Beverages,Unknown,-0.0015231205477499999,0.018583483779177283,40,0.224559240615075,0.27321111180025,0.048651871185,0.066699481595,46307,12927,12.200927764141435,False
Social,More than Restaurant Consideration: Baby Supplies,Unknown,-0.0074064868925,0.03839440546101721,40,0.191454376081,0.2324935224575,0.041039146375,0.11001345733500001,46307,12927,5.183888936588327,False
Social,More than Restaurant Consideration: Flowers,Unknown,-0.0035611370289499998,0.01406423572718482,40,0.1765405683140425,0.21897429290025,0.0424337245875,0.05225774546900001,46307,12927,3.9493666244378294,False
Social,More than Restaurant Consideration: Fresh Food & Produce,Unknown,0.00205371604575,0.018127656864317353,40,0.22454268595787502,0.2729626491,0.04841996314,0.0686802163775,46307,12927,8.826759133440614,False
Social,More than Restaurant Consideration: Health & Medicine,Unknown,-0.005860571742,0.01954896961997343,40,0.19505469660415,0.2398267790625,0.04477208246,0.071885726095,46307,12927,3.335676190067776,False
Social,More than Restaurant Consideration: Household Essentials,Unknown,2.306493425000087e-06,0.006965543780009131,40,0.2050192308749225,0.2507408724425,0.0457216415675,0.03592952103725,46307,12927,3019.9712275394277,False
Social,More than Restaurant Consideration: Packaged Food & Non-Alcoholic Beverages,Unknown,-0.0015539994697499999,0.02120548195982947,40,0.24693521807125,0.3014006056025,0.05446538753,0.09028314982999999,46307,12927,13.645745943041351,False
Social,More than Restaurant Consideration: Personal Care & Beauty,Unknown,-0.0037212648262,0.01296185061429829,40,0.196997032417825,0.24130827511000003,0.0443112426925,0.053407817079999996,46307,12927,3.4831841375649657,False
Social,More than Restaurant Consideration: Pet Supplies,Unknown,-0.0061846658577,0.02128053066964035,40,0.195265120277175,0.23998425789024996,0.0447191376175,0.08171716308275,46307,12927,3.4408537436417483,False
Social,More than Restaurant Consideration: Prepared Restaurant Food,Unknown,-0.0025166076581250004,0.008508821470189068,40,0.30554590871405,0.3736501746925,0.06810426598,0.05411091138,46307,12927,3.381067939898335,False
Social,Unaided Brand Awareness (Any Mention),Unknown,-0.002524204367125,0.0162575624644014,40,0.26032234067987,0.31946408981749996,0.05914174914,0.07593563627024999,46307,12927,6.440668067981484,False
Social,Unaided Brand Awareness (Any Mention) - Amazon,Unknown,-0.002541201045775,0.015482112992367097,40,0.1368786244607775,0.16573455044275,0.028855925980000002,0.03898983130675,46307,12927,6.092439249585409,False
Social,Unaided Brand Awareness (Any Mention) - GrubHub,Unknown,-0.0105808809733,0.0410511450640127,40,0.066636351493785,0.08240955988849999,0.0157732083975,0.05411308521825,46307,12927,3.879747363910619,False
Social,Unaided Brand Awareness (Any Mention) - Instacart,Unknown,0.0005825572137749997,0.026213835527786628,40,0.14434482143645,0.17484397546000002,0.030499154025000003,0.046274310111,46307,12927,44.99787301219681,False
Social,Unaided Brand Awareness (Any Mention) - Uber Eats,Unknown,0.004523520139999999,0.026537962414781326,40,0.22394420499200002,0.27376718423525,0.049822979239999995,0.064961066695,46307,12927,5.866661713322522,False
Social,Unaided Brand Awareness (First Mention),Unknown,-0.00192529406725,0.01525724363916876,40,0.1514831269439,0.18470356429999998,0.033220437355,0.06569798505499999,46307,12927,7.924630267500638,False
