METRIC_NAME,avg_lift,lift_std_across_time,avg_lift_std,mom_change_std,avg_abs_mom_change,total_observations,cv,stability_score,signal_type
"Delivery Category -  Prepared Restaurant Food (e.g., pizza, Thai food, Mexican food, sushi, etc.)",0.04832795698924731,0.002620165303134041,0.14032759577902734,0.0017905768491336782,0.0025161290322580666,744,0.054216347355983054,0.9485718965637747,Signal
"Delivery Category -  Household Essentials (e.g., paper towels, toilet paper, cleaning supplies, organizers, etc.)",0.049008064516129025,0.00833777077917575,0.16261291124341354,0.003729418023354855,0.008197580645161288,744,0.17013058690435956,0.8546054698437985,Signal
DashPass Use - Heard of it but haven't used it,0.0670255376344086,0.011985672821094868,0.2197480255264164,0.021963078772096675,0.015530241935483871,744,0.17882247937302387,0.8483041488417039,Signal
"Digital Frequency (1, 2-3, 4-9, 10-19, 20+) with Control  - 20+",0.08527688172043009,0.01812794404188104,0.20399355521651272,0.03361038200252831,0.02376612903225806,744,0.21257747323959741,0.8246895741253859,Signal
Past Brand Usage - DoorDash,0.046762096774193546,0.011124544004965703,0.12017934501406119,0.0017791719010500219,0.011100806451612905,744,0.23789660371057123,0.8078219109758596,Signal
"Digital Frequency (1, 2-3, 4-9, 10-19, 20+) with Control  - 4-9",0.046329301075268815,0.01181847501472182,0.20253913266596005,0.026040347712002983,0.018413306451612908,744,0.25509720070071756,0.7967510400323597,Signal
Gender - Prefer not to answer,-0.2970040322580645,0.07807292936952084,0.4954381559462346,0.13979329989836797,0.09884879032258069,744,0.2628682471949872,0.7918482408763895,Signal
"Children in HH -  Yes, age 0-6",0.14242473118279572,0.04000533716940539,0.26763052911873725,0.05638321208856444,0.03986895161290324,744,0.2808875736480088,0.7807086434229102,Signal
Past Brand Recency - Grubhub - I did not use in the past 30 days,0.09555779569892474,0.03000913143994247,0.35402702601418196,0.07002638123363553,0.04951612903225807,744,0.31404168776028124,0.761010863897667,Signal
Past Brand Recency - Uber Eats - I did not use in the past 30 days,0.054329301075268815,0.01787613484193167,0.40750084096939965,0.02735761921566501,0.019344758064516125,744,0.32903303536273626,0.7524267444014795,Signal
Gender - Male,0.0757258064516129,0.02552255128997953,0.1855947857467338,0.02148692218960414,0.02396774193548387,744,0.3370390159699107,0.7479213306835203,Signal
Ethnicity - Black/African American,0.193125,0.06643984429828097,0.4124939586801246,0.16274290667970073,0.11507661290322586,744,0.3440250837451442,0.744033732773414,Signal
Past Brand Usage - Used Competitor but NOT Used DoorDash,0.15687768817204303,0.054237647118408776,0.6722238936274816,0.07789294417433586,0.05507862903225807,744,0.3457320652184011,0.7430899700214161,Signal
"Children in HH -  Yes, age 7-12",0.07798521505376345,0.027279665917369706,0.21618591498336137,0.004350987693914012,0.027221774193548386,744,0.3498056124941497,0.7408474159121443,Signal
Age - 35-44,0.06052016129032258,0.022355415830073125,0.18786194560206906,0.017201512947171132,0.021223790322580646,744,0.36938790897848855,0.730253271146495,Signal
Any - Any,0.046430107526881724,0.01813059466084359,0.12569387340617588,0.004758714587904617,0.018026209677419358,744,0.3904921962618003,0.7191698038208344,Signal
DashPass Use - Used in the past but do not use now,0.07887903225806452,0.03123317549178643,0.20071416811213308,0.06165514934023348,0.04359677419354839,744,0.3959629650323604,0.7163513825575012,Signal
Past Brand Recency - Amazon - Less than once a week,0.0889287634408602,0.03522428609073296,0.2644639648780013,0.00993656101788355,0.03498991935483871,744,0.3960955345359994,0.7162833597432542,Signal
Past Brand Recency - DoorDash - I did not use in the past 30 days,0.2759690860215054,0.1152543764964939,0.6228856760519336,0.09689073644468255,0.10825403225806453,744,0.4176350987643322,0.7054001420193675,Signal
Ethnicity - Hispanic,0.17164919354838712,0.07172163171439448,0.5708772668793947,0.11982038456686886,0.08472580645161291,744,0.4178384426500465,0.70529897477665,Signal
"Delivery Category -  Personal Care &amp; Beauty (e.g., cosmetics/makeup, bath and body, skincare, feminine care, etc.)",0.04123924731182796,0.018008481791919016,0.16276393974973452,0.00921804928861334,0.0176108870967742,744,0.4366830862782005,0.6960477293503539,Uncertain
Past Brand Recency - Grubhub - Less than once a week,0.05142876344086022,0.022491551748616653,0.30327523547511,0.007883670362825824,0.022260080645161294,744,0.43733409562686637,0.695732469606427,Uncertain
Ethnicity - White/Caucasian,0.0404731182795699,0.018492932677369272,0.14945183712490415,0.003099294641732969,0.01844959677419355,744,0.45691889983935763,0.6863800037944883,Uncertain
Past Brand Recency - Instacart - Once a week,0.10776747311827957,0.05086176302018717,0.417563214935313,0.11206787110700506,0.07924395161290324,744,0.47195838919192373,0.6793670305782084,Uncertain
Past Brand Recency - Uber Eats - Several times a week,0.06705645161290323,0.032108267870359426,0.32124172402144535,0.06703543359869725,0.047401209677419356,744,0.47882443967824034,0.676212789814035,Uncertain
DashPass Use - Have not heard of it,0.19923118279569893,0.09599550851473973,0.5913440805170495,0.17481789546326923,0.12361491935483866,744,0.4818297375324929,0.674841363127977,Uncertain
Past Brand Recency - Uber Eats - Once a week,0.07334274193548387,0.03639747978719847,0.30190973964023543,0.05819945007088633,0.041153225806451615,744,0.4962655993856298,0.6683305426594065,Uncertain
"Delivery Category -  Groceries (e.g., dairy, eggs, produce, meat, bread, snacks, pasta, etc.)",0.05709543010752688,0.028341521542587338,0.14616797281807714,0.04499537142703589,0.0318165322580645,744,0.4963886162029469,0.6682755997820125,Uncertain
Delivery Category - None of the above,0.40274596774193555,0.20115203045654254,1.1051411952421237,0.47877686931477376,0.338546370967742,744,0.49945138267761174,0.6669105857999026,Uncertain
Age - 25-34,0.09564650537634407,0.049022477260453154,0.2733380726039906,0.1191588975780169,0.08425806451612902,744,0.5125380908331411,0.6611403746197074,Uncertain
Past Brand Usage - Instacart,0.05618951612903226,0.03232872075436861,0.16971798955748132,0.07728277945186036,0.054647177419354834,744,0.575351470906596,0.6347789800992867,Uncertain
Past Brand Recency - Instacart - I did not use in the past 30 days,0.09412365591397849,0.05461164749721793,0.34226922960362166,0.06386485803144143,0.0479858870967742,744,0.5802117115715163,0.632826597016866,Uncertain
Past Brand Usage - Grubhub,0.038432795698924736,0.02497822814112454,0.18167077488195363,0.013209781117892234,0.024389112903225808,744,0.6499196242916925,0.6060901302566774,Uncertain
Past Brand Recency - Instacart - Several times a week,0.061435483870967734,0.04046412073661694,0.45971965069232223,0.09883813132996642,0.06988911290322582,744,0.6586441285561172,0.6029020829624978,Uncertain
Past Brand Recency - Instacart - Less than once a week,0.07696774193548386,0.05091303400640914,0.2735547564274368,0.07761637418330723,0.054883064516129024,744,0.6614853538133627,0.6018710894470705,Uncertain
"Digital Frequency (1, 2-3, 4-9, 10-19, 20+) with Control  - 1",0.04343682795698925,0.03013890307168711,0.23179748506703288,0.05316416549195308,0.03759274193548387,744,0.6938559855597738,0.5903689620162879,Uncertain
Past Brand Recency - DoorDash - Less than once a week,0.13197043010752688,0.09165848837599186,0.3037513992354301,0.1756618616214597,0.1242116935483871,744,0.6945380741830601,0.5901313256015813,Uncertain
Age - 18-24,0.2250994623655914,0.15680751526840053,0.5396628930584163,0.2262256989503397,0.15996572580645163,744,0.6966143482551919,0.5894091376914299,Uncertain
Age - 45-54,0.030810483870967742,0.02151276868074247,0.21851054220183808,0.04406016568417629,0.03115524193548387,744,0.6982288486878855,0.588848788414257,Uncertain
Past Brand Usage - Amazon,0.041622311827957,0.032870105170998164,0.13332760889870146,0.019063370721827646,0.03193548387096774,744,0.78972319718483,0.5587456214307128,Uncertain
Children in HH - No,0.04635215053763441,0.036730023153997156,0.15705668196027436,0.08991375945450719,0.06357862903225808,744,0.7924124927963198,0.5579072919983462,Uncertain
"Digital Frequency (1, 2-3, 4-9, 10-19, 20+) with Control  - 2-3",0.08725268817204301,0.0714809223788738,0.2298662818115962,0.09835627227343202,0.06954838709677419,744,0.8192403452135391,0.5496799818842089,Uncertain
Past Brand Usage - Uber Eats,0.03958333333333333,0.03404564079415504,0.15377081094583409,0.04455913216283614,0.03150806451612903,744,0.8601003990102327,0.5376053897585873,Uncertain
Past Brand Recency - Uber Eats - Less than once a week,0.08206317204301075,0.07134105719306284,0.2665646388134791,0.0925026826694966,0.06540927419354838,744,0.8693431586543077,0.5349472596138392,Uncertain
Gender - I prefer to self identify,-0.061348118279569895,0.05465306223309982,0.4703178908492635,0.09225747628569807,0.06523588709677419,744,0.8908677847956152,0.5288577065202317,Uncertain
DashPass Use - Use it now,0.021120967741935486,0.02002007764008123,0.21458783298368803,0.049038425522691255,0.03467540322580645,744,0.9478769100305735,0.5133794619416194,Uncertain
Gender - Female,0.04750672043010753,0.04520296398324201,0.16808971315090984,0.007216480899932065,0.04510685483870967,744,0.951506725237857,0.5124245728018776,Uncertain
Past Brand Recency - Grubhub - Once a week,0.0854529569892473,0.08754986652604763,0.46667897505233213,0.19371874567490488,0.1369798387096774,744,1.02453875922707,0.493939666722795,Uncertain
Gender - Non-binary or gender fluid,0.19818413978494623,0.20663037538235718,1.2295853945199509,0.5004918904660509,0.35390120967741934,744,1.0426181207364835,0.4895677708173084,Uncertain
"Digital Frequency (1, 2-3, 4-9, 10-19, 20+) with Control  - 10-19",0.04918279569892473,0.0566466150047989,0.23775590926470155,0.13842755736535034,0.09788306451612903,744,1.1517567108540223,0.4647365545350638,Uncertain
Past Brand Recency - Amazon - Once a week,0.054572580645161295,0.06427952873291706,0.21058352106802247,0.0888816116529365,0.06284879032258066,744,1.177872256964935,0.45916375343042015,Uncertain
Past Brand Recency - Amazon - I did not use in the past 30 days,0.08483870967741935,0.1057298516271732,0.3569339662539624,0.04214413440612239,0.10432056451612903,744,1.246245399407745,0.44518733361175244,Uncertain
DashPass Benefit Awareness - $0 Delivery + 1 Other Benefit (DP aware non-users),0.07378763440860216,0.0942903407152286,0.5968882793899821,0.1506935790293202,0.10655645161290322,744,1.2778610057220676,0.43900834927502796,Uncertain
Past Brand Recency - DoorDash - Once a week,0.015212365591397848,0.019837415679234326,0.17778697049025616,0.04391190135908878,0.031050403225806454,744,1.3040322729590335,0.434021698279302,Uncertain
Ethnicity - Asian,0.06403494623655913,0.10206562807909608,0.7008999801478533,0.23755936610847084,0.16797983870967742,744,1.5939051108443705,0.38551911394880556,Uncertain
Past Brand Recency - Amazon - Several times a week,0.05624865591397849,0.09200167452531136,0.2543713377189854,0.13900350724357485,0.09829032258064516,744,1.635624407914924,0.3794167321401886,Uncertain
"Children in HH -  Yes, age 13-17",0.006916666666666666,0.01163637324593729,0.21961206817718693,0.02657067779789289,0.018788306451612904,744,1.6823672162800904,0.3728050335281092,Uncertain
DashPass Benefit Awareness - $0 Delivery + 1 Other Benefit (DP users),0.02177016129032258,0.03915571297870807,0.2189369085825887,0.09387697891357692,0.06638104838709678,744,1.7985954470679015,0.35732209921505576,Uncertain
Past Brand Recency - DoorDash - Several times a week,0.03130779569892474,0.05699679391857217,0.3039723874880158,0.05981895269876519,0.051500000000000004,744,1.8205304029286775,0.354543244405966,Uncertain
Ethnicity - Native Hawaiian or Other Pacific Islander,0.07247311827956988,0.16794226572397403,0.7263004822364016,0.20311927413285666,0.1460423387096774,744,2.317304259989553,0.3014495872631078,Uncertain
Past Brand Recency - Grubhub - Several times a week,0.006465053763440858,0.02704158175508977,0.4021961124420163,0.04232661357546087,0.029929435483870965,744,4.182731148812223,0.19294846120450984,Noise
Ethnicity - Other,0.044525537634408606,0.18966576035036017,0.7284886594866414,0.2900420859524256,0.2050907258064516,744,4.259707359575813,0.1901246460374648,Noise
Ethnicity - Native American,-0.02550806451612903,0.14782304282524583,0.7170742521021761,0.24456770670587621,0.17293548387096774,744,5.795149323531611,0.14716380058595604,Noise
Ethnicity - Prefer not to answer,0.011694892473118279,0.21820739040461917,0.8097427540338383,0.2690085104491467,0.19021774193548385,744,18.658349438114776,0.050868970619737816,Noise
