CHANNEL,METRIC_CLEAN,LIFT_mean,LIFT_std,LIFT_count,LIFT_min,LIFT_max,DELTA_mean,DELTA_std,CONTROL__mean,EXPOSED__mean,CONTROL_N_sum,EXPOSED_N_sum,STATISTICAL_SIGNIFICANCE_mean,STATISTICAL_SIGNIFICANCE_min
Any,DashPass Benefits Awareness: Max [HBO] subscription included at no extra cost,0.44835937499999995,0.7592238259020907,192,-1.0,7.054,0.12755729166666666,0.1711682582043479,0.35028125000000004,0.47784895833333335,15289,108034,0.9100731038640777,0.222815024
Any,DashPass Worth,0.388546875,0.5441147937577094,192,-1.0,3.517,0.08361979166666667,0.0938196790214298,0.22797916666666665,0.311578125,15289,108034,0.8545493253137255,0.017597837
Tv,More than Restaurant Consideration: Packaged Food & Non-Alcoholic Beverages,0.34391145833333336,1.203339897264981,192,-1.0,11.423,0.07391145833333333,0.1274139786768314,0.3615625,0.435515625,73537,88668,0.8450310423024692,0.00209051
Tv,DashPass Benefit Awareness: $0 Delivery + 1 Other Benefit (DP aware non-users),0.33983854166666666,0.6419339072941915,192,-1.0,4.087,0.019692708333333333,0.12211501894653419,0.1000625,0.11979687500000001,73537,88668,0.6735520367737226,0.026228743
Any,DashPass Benefits Awareness: Ability to add someone in your household to your DashPass membership for free,0.3335416666666667,0.48487834965236964,192,-1.0,2.976,0.11265104166666667,0.16343498026364603,0.4171302083333333,0.5296822916666667,15289,108034,0.8960215402980769,0.061879056
Any,DashPass Benefits Awareness: Discounted rides with Lyft,0.3159427083333333,0.4208714741433545,192,-1.0,2.873,0.11397395833333333,0.1741990326701111,0.38876041666666666,0.5027447916666666,15289,108034,0.9194906024519232,0.101702276
Tv,Unaided Brand Awareness (Any Mention) - GrubHub,0.295609375,0.8068882627741889,192,-1.0,8.165,0.018869791666666667,0.09630029779253124,0.11077083333333333,0.12966666666666668,73537,88668,0.6777981897407408,0.000918207
Any,DashPass Benefit Awareness: $0 Delivery + 1 Other Benefit (DP users),0.28421875,0.7246401700027921,192,-1.0,7.802,0.05534895833333334,0.12877724628680684,0.2825052083333333,0.33789583333333334,15289,108034,0.8325531894301076,0.023687659
Any,More than Restaurant Consideration: Flowers,0.2784270833333333,1.4874084863031158,192,-0.75,18.694,0.02583854166666667,0.13785465437152836,0.275671875,0.30153645833333337,15289,108034,0.648778688447619,0.002788786
Tv,DashPass Aided Awareness (DD aware non-users),0.25684375,0.6143542615659052,192,-1.0,4.001,0.0071875,0.11161328267329988,0.08315625,0.090390625,73537,88668,0.6116704136,0.062609401
Tv,More than Restaurant Aided Awareness: Flowers,0.254171875,0.5271926107584882,192,-1.0,5.5,0.060911458333333335,0.1008637953298077,0.3158229166666667,0.37673958333333335,73537,88668,0.8124094448518517,0.018306725
Tv,More than Restaurant Aided Awareness: Baby Supplies,0.25255208333333334,0.7952669724580216,192,-1.0,10.616,0.06875520833333333,0.12198059013891105,0.32097916666666665,0.3897916666666667,73537,88668,0.8162601788148148,0.000752402
Social,DashPass Worth,0.249515625,0.44109453316623193,192,-1.0,4.162,0.07033333333333333,0.10941550247337378,0.2785052083333333,0.3488541666666667,49711,148512,0.8033329787898089,0.001311819
Tv,Unaided Brand Awareness (Any Mention) - Instacart,0.22366666666666668,0.5789329988029415,192,-1.0,4.568,0.03352083333333333,0.11787489855900908,0.205015625,0.2385625,73537,88668,0.6618182845527951,0.000408065
Tv,More than Restaurant Consideration: Flowers,0.217984375,0.41082662776308493,192,-1.0,3.333,0.04847916666666666,0.11246588584957751,0.289828125,0.3382864583333333,73537,88668,0.7991461215987654,0.034517744
Tv,More than Restaurant Consideration: Alcoholic Beverages,0.21794791666666666,0.4050791757599747,192,-1.0,3.333,0.05735416666666667,0.12200446126652677,0.32735416666666667,0.3847291666666666,73537,88668,0.8266995347037037,0.013059476
Tv,More than Restaurant Aided Awareness: Alcoholic Beverages,0.21445833333333333,0.35927652482655825,192,-1.0,3.0,0.06969270833333334,0.12197340860731164,0.3727291666666667,0.44245833333333334,73537,88668,0.8664871063148148,0.055407614
Social,DashPass Benefits Awareness: Max [HBO] subscription included at no extra cost,0.20590104166666667,0.31630266769430243,192,-0.596,2.352,0.09108854166666668,0.1541838756550057,0.44029687500000003,0.53134375,49711,148512,0.8436660628726114,0.010558636
Social,DashPass Benefit Awareness: $0 Delivery + 1 Other Benefit (DP users),0.19934375000000001,0.3859027853635017,192,-1.0,2.552,0.04995312500000001,0.08946708359936004,0.3197291666666667,0.3696614583333333,49711,148512,0.7833917813356643,0.045707595
Social,DashPass Benefits Awareness: Ability to add someone in your household to your DashPass membership for free,0.19853125000000002,0.6072489325095856,192,-1.0,5.745,0.074703125,0.16654012421778852,0.5079375,0.5826510416666667,49711,148512,0.808963044866242,0.003847733
Any,Unaided Brand Awareness (Any Mention) - GrubHub,0.19571354166666666,0.9475748191730541,192,-1.0,7.142,-0.007989583333333333,0.11021430763835723,0.11124479166666668,0.103234375,15289,108034,0.48112439480645164,0.001475052
Tv,More than Restaurant Aided Awareness: Household Essentials,0.19433333333333333,0.37365017563515407,192,-1.0,3.0,0.060984375,0.10108963813283349,0.3540260416666667,0.41495312500000003,73537,88668,0.8232442285617284,0.022404871
Tv,More than Restaurant Consideration: Personal Care & Beauty,0.18711458333333333,0.26035715983292124,192,-1.0,1.564,0.052953125,0.07105585805551319,0.28978125,0.3427291666666667,73537,88668,0.8065632450310558,0.027925681
Tv,More than Restaurant Aided Awareness: Packaged Food & Non-Alcoholic Beverages,0.17621875,0.3123859273474272,192,-1.0,3.0,0.06715625,0.12780485190381882,0.42768229166666666,0.49481770833333333,73537,88668,0.8325293002592592,0.058829361
Tv,More than Restaurant Consideration: Baby Supplies,0.174640625,0.34245981308260204,192,-1.0,2.106,0.04228125,0.11457544697594778,0.27790624999999997,0.3201614583333333,73537,88668,0.8011619073518519,0.003194614
Social,More than Restaurant Consideration: Personal Care & Beauty,0.17400000000000002,0.5823161103352893,192,-1.0,4.725,0.03193229166666667,0.128374006106904,0.30282291666666666,0.33479166666666665,49711,148512,0.6204725789811321,0.009634035
Tv,More than Restaurant Aided Awareness: Pet Supplies,0.1737864583333333,0.5877135046817425,192,-1.0,7.282,0.043666666666666666,0.16867277820739907,0.34796354166666665,0.39164062499999996,73537,88668,0.8340997406234568,0.08358775
Any,DashPass Benefits Awareness: Reduced service fees on eligible orders,0.16890625,0.40975463423232816,192,-1.0,3.364,0.08038020833333333,0.16050446071652966,0.5288020833333333,0.6091875,15289,108034,0.794042234854369,0.043333709
Tv,More than Restaurant Consideration: Health & Medicine,0.16763020833333334,0.3453516513088311,192,-1.0,1.296,0.041,0.11837388632359247,0.30304166666666665,0.3440729166666667,73537,88668,0.8011476808695651,0.009612126
Tv,More than Restaurant Aided Awareness: Fresh Food & Produce,0.16688541666666667,0.38681513015535335,192,-1.0,3.215,0.05405729166666667,0.15087941806197686,0.4128958333333333,0.46694270833333335,73537,88668,0.8053690535679012,0.009899793
Any,Unaided Brand Awareness (Any Mention) - Instacart,0.16586458333333334,0.6090711427731476,192,-1.0,3.96,0.015046875000000001,0.10967869729075881,0.19027604166666667,0.205328125,15289,108034,0.5965034678666666,0.006325114
Tv,More than Restaurant Consideration: Pet Supplies,0.16546875,0.32946709162426346,192,-1.0,2.586,0.04878645833333334,0.10626382866070547,0.29391666666666666,0.34269791666666666,73537,88668,0.7647040376172839,0.013091616
Any,DashPass Benefits Awareness: Access to exclusive deals for DashPass members,0.16271875,0.32783504353905074,192,-1.0,2.234,0.08327083333333334,0.17436079096968496,0.5283697916666666,0.6116979166666666,15289,108034,0.8271696145192308,0.043378731
Digital,DashPass Benefit Awareness: $0 Delivery + 1 Other Benefit (DP users),0.16116666666666665,0.6126986083240552,192,-1.0,4.326,0.02386458333333333,0.10437915378239132,0.18494791666666666,0.20882291666666666,16012,14533,0.43892716676811594,0.010967396
Social,DashPass Benefits Awareness: Access to exclusive deals for DashPass members,0.160671875,0.4222675160618838,192,-1.0,3.379,0.07577083333333333,0.17002518933595107,0.5898125,0.665609375,49711,148512,0.773228536267516,0.052784077
Digital,DashPass Worth,0.15902604166666667,0.6775619632018659,192,-1.0,3.681,0.010838541666666666,0.11060357953155024,0.15816145833333334,0.16894270833333333,16012,14533,0.4538361719444445,0.000238209
Tv,More than Restaurant Consideration: Household Essentials,0.15475,0.29670984645659004,192,-1.0,1.349,0.04910416666666667,0.09915892148615113,0.30897916666666664,0.3581197916666667,73537,88668,0.7815651082037037,0.000899499
Any,DashPass Benefits: Makes members' lives better,0.15258333333333332,0.23507577776421051,192,-1.0,1.439,0.08355208333333335,0.13649600571734266,0.5561979166666667,0.6397395833333334,15289,108034,0.8506804339223301,0.069909062
Tv,Unaided Brand Awareness (Any Mention) - Uber Eats,0.151859375,0.26509337684235085,192,-1.0,1.902,0.04567708333333333,0.10821676857526565,0.369,0.414671875,73537,88668,0.830920433962963,0.009488506
Social,DashPass Benefits Awareness: Discounted rides with Lyft,0.150328125,0.3763700440987504,192,-1.0,3.876,0.069578125,0.1733961180644387,0.4896979166666667,0.559265625,49711,148512,0.8141719151974522,0.007831401
Tv,More than Restaurant Aided Awareness: Prepared Restaurant Food,0.14646875,0.2751618258987557,192,-1.0,2.195,0.06372395833333333,0.1370973661306313,0.54715625,0.6108854166666667,73537,88668,0.8133302952530864,0.034974486
Any,More than Restaurant Consideration: Personal Care & Beauty,0.14369791666666668,0.5172317195642449,192,-0.802,4.516,0.011859375,0.128932694871926,0.29327604166666665,0.3051041666666667,15289,108034,0.6107797066952381,0.012703505
Tv,More than Restaurant Aided Awareness: Personal Care & Beauty,0.14166145833333335,0.33110886992402494,192,-1.0,3.0,0.04814583333333333,0.1264564970137883,0.35186979166666665,0.4000104166666667,73537,88668,0.7318047758641975,0.013056871
Any,Affinity,0.14055208333333333,0.34207021017144496,192,-1.0,3.129,0.06676041666666667,0.16828694920618148,0.5011249999999999,0.5679166666666667,15289,108034,0.754441203647619,0.013638893
Any,BA: Is an essential part of my life,0.13940104166666667,0.22058425655460306,192,-0.406,1.261,0.08765104166666667,0.14006740374024312,0.5481354166666667,0.6357708333333333,15289,108034,0.8067720596571428,0.034232435
Any,DashPass Benefits: Save more than other delivery subscription services,0.13924479166666667,0.331123484145773,192,-1.0,3.308,0.074703125,0.1634135549390785,0.53396875,0.6086406249999999,15289,108034,0.7795190104326923,0.004992412
Any,Unaided Brand Awareness (Any Mention) - Uber Eats,0.13860416666666667,0.5104076695079098,192,-1.0,3.159,0.007171875000000001,0.15746867598632058,0.3466770833333333,0.35384375,15289,108034,0.515158296352381,0.022996659
Any,DashPass Actions – Saw a Deal,0.138109375,0.45409383156982497,192,-1.0,3.176,0.024901041666666665,0.12255241681835248,0.07658854166666666,0.10145312499999999,1979,20815,0.8630205883125,0.629529725
Any,More than Restaurant Consideration: Pet Supplies,0.13661458333333334,0.6881397165724655,192,-1.0,6.789,0.0013437500000000005,0.11746973125780152,0.2951197916666667,0.29649479166666665,15289,108034,0.5454843253039215,0.005460457
Social,DashPass Aided Awareness (DD aware non-users),0.136375,1.2618419035397406,192,-1.0,13.101,0.004473958333333333,0.1207111534380907,0.09194270833333333,0.09638541666666667,49711,148512,0.6332367841885247,0.010180207
Tv,More than Restaurant Aided Awareness: Health & Medicine,0.131234375,0.3984653312064042,192,-1.0,3.0,0.034354166666666665,0.1261679657624796,0.3530416666666667,0.38740104166666667,73537,88668,0.7302633110308642,0.000873104
Any,DashPass Benefits: Saves subscription members more money than non-members who use the delivery service,0.13009895833333332,0.34577319927840483,192,-1.0,3.97,0.07119791666666667,0.1532889083388644,0.5643020833333333,0.6355625,15289,108034,0.8031521323333334,0.010773493
Digital,Unaided Brand Awareness (First Mention),0.12978645833333333,0.7877202185058402,192,-1.0,7.597,0.004369791666666667,0.11699632483581382,0.19555208333333332,0.19994270833333336,16012,14533,0.5355336893717949,0.009462928
Social,More than Restaurant Consideration: Flowers,0.127796875,0.436630836428242,192,-1.0,3.397,0.022973958333333332,0.13653656990116314,0.308921875,0.33189583333333333,49711,148512,0.5983882688625,0.026021071
Digital,Unaided Brand Awareness (Any Mention) - Uber Eats,0.1275,0.5684636132428812,192,-1.0,3.912,0.018447916666666665,0.13950986527384363,0.34730208333333334,0.36572916666666666,16012,14533,0.5438892578227849,0.000599946
Social,More than Restaurant Aided Awareness: Fresh Food & Produce,0.12527083333333333,0.9529832022952418,192,-1.0,9.044,0.00446875,0.16054484804248403,0.432296875,0.43678645833333335,49711,148512,0.54967272440625,0.001412588
Any,More than Restaurant Consideration: Alcoholic Beverages,0.12525,0.5245407964309534,192,-0.703,4.245,0.0245625,0.1416240737736749,0.31289062500000003,0.33744270833333334,15289,108034,0.5735035027019231,0.003005163
Any,"DashPass Benefits: Provides more value than other non-delivery subscription services (e.g. TV streaming, audio streaming, fitness, fashion, etc)",0.12420312500000001,0.24059613004209016,192,-1.0,1.524,0.060578125000000003,0.15280043495396348,0.5133125,0.573921875,15289,108034,0.7750930389134615,0.018396306
Any,BA MDS: Sets trends,0.12320833333333332,0.19305306308316905,192,-0.389,1.205,0.0834375,0.13376116188684736,0.6269791666666666,0.7104270833333333,15289,108034,0.8062385227403847,0.003334531
Any,More than Restaurant Aided Awareness: Alcoholic Beverages,0.12282291666666667,0.34372616322240457,192,-1.0,1.885,0.035265625,0.15531021908582485,0.34836979166666665,0.3836354166666667,15289,108034,0.6666325171238096,0.00933427
Social,BA: Is an essential part of my life,0.121640625,0.2814174314021601,192,-0.5,2.235,0.06766666666666667,0.1451942311076645,0.620375,0.6880885416666667,49711,148512,0.7433443054654088,0.003629189
Social,DashPass Benefits: Save more than other delivery subscription services,0.117203125,0.44633165114901774,192,-1.0,4.029,0.05911458333333333,0.1795142876544282,0.6056770833333334,0.6647447916666667,49711,148512,0.741079438522293,0.026966351
Tv,More than Restaurant Consideration: Prepared Restaurant Food,0.11680729166666666,0.36299348695202494,192,-1.0,3.215,0.035958333333333335,0.1688507452486653,0.47745312500000003,0.5134427083333334,73537,88668,0.7764781933333333,0.033567469
Social,More than Restaurant Aided Awareness: Personal Care & Beauty,0.111875,0.6965283132073503,192,-1.0,5.596,0.015838541666666667,0.14763471964255367,0.37108854166666666,0.38694791666666667,49711,148512,0.529674148375,0.003224436
Social,More than Restaurant Aided Awareness: Pet Supplies,0.11158333333333333,0.9415064976758225,192,-1.0,11.914,0.006255208333333332,0.166682733000706,0.37121354166666665,0.37740625,49711,148512,0.5085876498124999,0.011299256
Any,DashPass Benefits Awareness: $0 delivery fees + 1 Other Benefit,0.10813020833333332,0.22320253222483705,192,-1.0,1.136,0.057812499999999996,0.16337858341387537,0.557640625,0.615453125,15289,108034,0.7764864106138614,0.004492378
Social,DashPass Benefits Awareness: Reduced service fees on eligible orders,0.10796354166666666,0.28444208958723416,192,-0.635,3.085,0.06202083333333333,0.1445046044786542,0.5845572916666667,0.6465572916666666,49711,148512,0.7494669542038216,0.005339193
Social,"DashPass Benefits: Provides more value than other non-delivery subscription services (e.g. TV streaming, audio streaming, fitness, fashion, etc)",0.10731249999999999,0.37806385544747806,192,-1.0,3.867,0.054526041666666664,0.16873508264167383,0.578578125,0.6331145833333334,49711,148512,0.748860776299363,0.003929391
Digital,More than Restaurant Aided Awareness: Pet Supplies,0.104796875,0.5465657995007559,192,-1.0,2.733,0.007848958333333335,0.17910157724802775,0.2791354166666667,0.28702083333333334,16012,14533,0.4751854279230769,0.000818426
Social,Affinity,0.10367708333333335,0.5637275528281606,192,-1.0,6.897,0.03954166666666667,0.15272196389124681,0.5823697916666667,0.6219166666666667,49711,148512,0.675779340275,0.011344056
Tv,"DashPass Benefits: Provides more value than other non-delivery subscription services (e.g. TV streaming, audio streaming, fitness, fashion, etc)",0.103515625,0.46563948007984834,192,-1.0,5.479,0.04028125,0.14347338284075423,0.5821614583333333,0.6223697916666667,73537,88668,0.8209996310625,0.017352237
Tv,More than Restaurant Consideration,0.10272395833333332,0.4483538849219036,192,-1.0,4.69,0.041234375,0.14522624438525591,0.67925,0.7204010416666667,73537,88668,0.8002883377160495,0.053285315
Social,More than Restaurant Aided Awareness: Baby Supplies,0.10244791666666668,0.6938766411147174,192,-1.0,7.609,0.0045312500000000006,0.12870473966831603,0.3568854166666667,0.36139583333333336,49711,148512,0.55357931134375,0.004044962
Social,BA MDS: Is different,0.10235937499999999,0.4821352931014879,192,-1.0,5.574,0.04420833333333333,0.16041571756932357,0.6792395833333332,0.7234427083333334,49711,148512,0.68080777763522,0.001055056
Digital,DashPass Actions – Talked to others,0.097828125,0.3150650172086982,192,-1.0,1.391,0.00890625,0.06182835184300999,0.055578125,0.06446875,9041,8343,0.6817305494,0.07710455
Digital,DashPass Benefits Awareness: Discounted rides with Lyft,0.09704166666666668,0.5119367683604119,192,-1.0,3.177,0.007374999999999999,0.15337079935320422,0.3015833333333333,0.30893750000000003,16012,14533,0.4357363592857143,0.011053758
Tv,DashPass Benefits Awareness: Ability to add someone in your household to your DashPass membership for free,0.09603125,0.43947230262837605,192,-1.0,3.338,0.036083333333333335,0.16175190534603154,0.5360364583333334,0.5720729166666666,73537,88668,0.65506575323125,0.023246775
Social,More than Restaurant Consideration: Fresh Food & Produce,0.09496354166666666,0.5513087937792992,192,-0.833,4.739,0.017593750000000002,0.15077847403719236,0.36391666666666667,0.38148437500000004,49711,148512,0.52990078609375,0.00093678
Any,More than Restaurant Consideration: Household Essentials,0.092125,0.736535049798142,192,-0.639,8.304,-0.013135416666666669,0.11600894709958932,0.3298229166666667,0.3167760416666667,15289,108034,0.5595643498349515,0.00803937
Social,More than Restaurant Aided Awareness: Flowers,0.09191145833333335,0.355334835785164,192,-1.0,2.326,0.021817708333333335,0.1091168886633935,0.33609375,0.3579270833333333,49711,148512,0.5498593243018868,0.005583364
Tv,More than Restaurant Consideration: Fresh Food & Produce,0.0918125,0.39449836428568846,192,-1.0,3.267,0.021515624999999997,0.12444637511049232,0.36585937500000004,0.3873697916666667,73537,88668,0.6458916936604938,0.012687246
Any,BA MDS: Is different,0.0913125,0.2222888697686789,192,-0.8,1.565,0.05736458333333333,0.15240038337968756,0.6236666666666667,0.6810208333333333,15289,108034,0.7591767487549019,0.000664048
Digital,More than Restaurant Consideration: Household Essentials,0.09074479166666667,0.4759939421432004,192,-1.0,3.099,0.020901041666666665,0.16210353358580276,0.238078125,0.259015625,16012,14533,0.4427608628333334,0.004957513
Social,DashPass Benefits: Makes members' lives better,0.08989583333333334,0.2800856630056089,192,-1.0,1.895,0.04540625,0.1494389211849492,0.6377083333333333,0.6831302083333334,49711,148512,0.6885005961910828,0.003196688
Social,More than Restaurant Consideration: Health & Medicine,0.088765625,0.7609765785868332,192,-1.0,9.044,0.009401041666666667,0.16630899330900226,0.331234375,0.34065625000000005,49711,148512,0.54692948090625,0.018295388
Any,DashPass Benefits: Consistently adds valuable perks and benefits for members,0.08784375,0.24649534380127103,192,-1.0,1.902,0.04954166666666667,0.16398910809615078,0.56840625,0.61790625,15289,108034,0.717831428990196,0.013136313
Any,More than Restaurant Consideration,0.0878125,0.3380641474647188,192,-0.8,3.229,0.04803125,0.15573265137468278,0.6238541666666667,0.6718541666666668,15289,108034,0.6734831226095238,0.005524802
Tv,DashPass Benefits: Saves subscription members more money than non-members who use the delivery service,0.08742708333333334,0.25200144372526134,192,-1.0,1.517,0.053890625,0.15973405094740464,0.6376302083333333,0.6914895833333333,73537,88668,0.8230460798875001,0.009647733
Digital,DashPass Benefits: Makes members' lives better,0.08723958333333333,0.4466109084604254,192,-1.0,3.368,0.019463541666666667,0.1646179416912323,0.4487447916666667,0.4681666666666667,16012,14533,0.47971825115384614,0.0
Tv,Affinity,0.08613020833333333,0.32314665064972337,192,-1.0,3.0,0.04393229166666667,0.17421594170585822,0.5940729166666666,0.6379791666666667,73537,88668,0.8252285877407407,0.008734973
Digital,Unaided Brand Awareness (Any Mention) - Amazon,0.085015625,0.6913403968069557,192,-1.0,4.326,-0.025510416666666664,0.1980868705085935,0.23728125,0.2118020833333333,16012,14533,0.6023561191282051,0.017734885
Any,More than Restaurant Consideration: Packaged Food & Non-Alcoholic Beverages,0.08486458333333334,0.33900811955840693,192,-0.583,1.826,0.02273958333333333,0.1308843656378097,0.35766666666666663,0.3804947916666667,15289,108034,0.501071408125,0.009657951
Any,More than Restaurant Consideration: Baby Supplies,0.08359375000000001,0.45807631175961055,192,-1.0,3.468,0.007515625000000001,0.1314749583610777,0.2786666666666667,0.2861927083333333,15289,108034,0.47609331498076923,0.00760393
Social,More than Restaurant Consideration: Pet Supplies,0.08350520833333334,0.6203875920508379,192,-1.0,6.34,0.0015781249999999995,0.1087530664699761,0.331140625,0.3327760416666667,49711,148512,0.5688667510812501,0.005619961
Tv,DashPass Benefits Awareness: Reduced service fees on eligible orders,0.08259375,0.6192789436216034,192,-1.0,7.79,0.03319791666666667,0.15153664010418838,0.6130208333333333,0.6462395833333333,73537,88668,0.64871551044375,0.018602284
Any,Unaided Brand Awareness (First Mention),0.08180729166666667,0.5112191560341723,192,-1.0,2.854,-0.01184375,0.151867593758614,0.245484375,0.2336197916666667,15289,108034,0.6657324711067961,0.007802061
Any,DashPass Aided Awareness (DD aware non-users),0.08009375,0.7656229654316381,192,-1.0,7.58,0.011156250000000001,0.11567360906913271,0.09471875,0.10593229166666666,15289,108034,0.5678745378554216,0.002459395
Tv,DashPass Benefits: Consistently adds valuable perks and benefits for members,0.07981770833333333,0.20992472622237132,192,-1.0,1.216,0.05101041666666667,0.13997456723303983,0.6282552083333334,0.6793072916666666,73537,88668,0.8364196385687499,0.035496208
Social,DashPass Benefits: Saves subscription members more money than non-members who use the delivery service,0.07855208333333334,0.271049129828851,192,-1.0,1.895,0.044125,0.17103909415028104,0.6389739583333334,0.6830677083333333,49711,148512,0.6782480729872611,0.011216603
Tv,Brand Favorability,0.07801562499999999,0.4777754787884624,192,-1.0,5.479,0.030291666666666665,0.13859352724447963,0.7728958333333332,0.8031562499999999,73537,88668,0.7637409360186335,0.028243574
Tv,BA MDS: Sets trends,0.07797916666666667,0.4316832263832625,192,-1.0,5.479,0.039010416666666665,0.1230583648008922,0.7175052083333333,0.7564791666666667,73537,88668,0.7847711016790123,0.002549952
Tv,Unaided Brand Awareness (Any Mention),0.077703125,0.39113090213889307,192,-1.0,3.845,0.014666666666666666,0.12069021975641464,0.4061197916666666,0.42071875000000003,73537,88668,0.6416899311851851,0.014722861
Any,DashPass Benefits Awareness: $0 delivery fees on eligible orders,0.077546875,0.2260909743472365,192,-1.0,1.33,0.04272916666666667,0.1643410436296772,0.58665625,0.629484375,15289,108034,0.7104398715643564,0.0086286
Tv,DashPass Benefits: Makes members' lives better,0.07751041666666666,0.2681357589566134,192,-1.0,1.637,0.05552083333333333,0.16595012681488924,0.643875,0.699375,73537,88668,0.8357926352687499,0.002694832
Digital,More than Restaurant Aided Awareness: Household Essentials,0.07723437500000001,0.5426759682912666,192,-1.0,3.368,0.005161458333333334,0.15991283612011054,0.29990625,0.3051510416666667,16012,14533,0.5158583258607595,0.003317008
Digital,More than Restaurant Consideration: Fresh Food & Produce,0.07649479166666666,0.49654523736272044,192,-1.0,3.368,0.013609375,0.15049405030985424,0.27152604166666666,0.28511458333333334,16012,14533,0.48080001803846156,0.016735136
Social,BA MDS: Meets needs,0.07588541666666666,0.22875963607051278,192,-0.405,2.355,0.04568229166666667,0.12990612034704638,0.6860572916666667,0.7316875,49711,148512,0.6547153397672956,0.011151804
Digital,Brand Favorability,0.07475,0.2747022757716727,192,-1.0,1.667,0.04905729166666667,0.17036038747885587,0.592890625,0.6419739583333334,16012,14533,0.6929717793974359,0.052171675
Social,DashPass Benefits Awareness: $0 delivery fees + 1 Other Benefit,0.073859375,0.18269588502151823,192,-1.0,1.116,0.048776041666666665,0.15768736664997451,0.61675,0.6654947916666667,49711,148512,0.7141675312384106,0.006725472
Any,More than Restaurant Consideration: Health & Medicine,0.07334375,0.32929406734400507,192,-1.0,1.589,0.013333333333333334,0.13760195014649562,0.29622916666666665,0.3095104166666667,15289,108034,0.5043357609333333,0.007131738
Tv,DashPass Benefit Awareness: $0 Delivery + 1 Other Benefit (DP users),0.07299479166666667,0.304506991424063,192,-1.0,3.141,0.024005208333333333,0.09063669479816343,0.34793229166666667,0.3719739583333333,73537,88668,0.6029217736438356,0.012943933
Any,Consideration (Top 2 Box),0.072265625,0.2479512856766774,192,-0.6,2.46,0.05421354166666667,0.16441032573513548,0.6724270833333333,0.726625,15289,108034,0.65171750337,0.013808434
Any,More than Restaurant Aided Awareness: Baby Supplies,0.07132812499999999,0.610933387377194,192,-1.0,5.924,-0.00890625,0.13351538359705245,0.34540104166666663,0.33646354166666664,15289,108034,0.6194780345192308,0.004662004
Any,Brand Favorability,0.07055208333333333,0.1468929780872585,192,-0.569,0.728,0.06655208333333333,0.1579515380507589,0.6968958333333334,0.7634010416666667,15289,108034,0.7345289209183674,0.005735756
Any,BA: Makes my life easier,0.06866666666666667,0.1597122521611958,192,-0.6,0.954,0.057026041666666666,0.1533568003670021,0.6812604166666666,0.73825,15289,108034,0.6769761656868687,0.030263278
Any,DashPass Actions – Talked to others,0.06818229166666666,0.4334828669222576,192,-1.0,4.487,0.006026041666666668,0.1184574253558885,0.09374479166666666,0.09975520833333333,1979,20815,0.488468777875,0.100050953
Digital,BA: Offers a wide selection of brands or stores across a variety of categories,0.06808854166666667,0.24337626800108178,192,-1.0,1.017,0.03860416666666667,0.15167770178292553,0.6117447916666666,0.6503177083333334,16012,14533,0.5190332385,0.007692464
Any,BA MDS: Meets needs,0.067828125,0.16919231178498206,192,-0.6,0.852,0.051484375,0.14619398203364395,0.638609375,0.690171875,15289,108034,0.7464110669901961,0.011795607
Digital,First Choice Consideration,0.06703645833333333,0.5082446577896161,192,-1.0,2.517,0.004135416666666667,0.1124205008033348,0.16515625,0.16928645833333333,16012,14533,0.43151360258108107,0.018543639
Tv,DashPass Benefits: Save more than other delivery subscription services,0.06667708333333335,0.28442708079370826,192,-1.0,2.341,0.03999479166666667,0.1768649171701692,0.6196666666666667,0.6595729166666667,73537,88668,0.769942400448125,9.35967e-05
Tv,More than Restaurant Aided Awareness,0.06577083333333333,0.3167645988459324,192,-1.0,3.0,0.03171875,0.15730925976180266,0.740953125,0.7727343750000001,73537,88668,0.7694022603024692,0.007227982
Social,More than Restaurant Aided Awareness: Household Essentials,0.06523958333333334,0.6845347064165782,192,-1.0,7.609,-0.006786458333333333,0.11968401339250148,0.3931927083333333,0.3863854166666667,49711,148512,0.5737309282687499,0.011410426
Tv,BA: Is an essential part of my life,0.06294270833333333,0.44387543869586127,192,-1.0,5.479,0.025265625,0.12282915929201095,0.647546875,0.6728177083333334,73537,88668,0.7078371419938272,0.011839108
Social,DashPass Actions – Saw a Deal,0.061640625,0.29157614833545864,192,-0.5,2.945,0.012666666666666666,0.061520892746514136,0.10623437499999999,0.11888541666666667,25768,81286,0.6725216880363636,0.066593114
Social,Brand Favorability,0.06097916666666667,0.24598095014848426,192,-0.596,2.176,0.03790104166666667,0.13205875100191858,0.7629270833333334,0.8008593749999999,49711,148512,0.6124425016624204,0.006335682
Social,DashPass Benefits Awareness: $0 delivery fees on eligible orders,0.060661458333333335,0.1891873637732571,192,-1.0,1.116,0.041421875000000004,0.1604712110359209,0.63478125,0.6761875,49711,148512,0.6674835350662253,0.005318614
Tv,BA MDS: Meets needs,0.060572916666666664,0.2592647980212879,192,-1.0,3.0,0.039588541666666664,0.1342894524554854,0.7022395833333334,0.7417916666666667,73537,88668,0.7539651077407408,0.006674296
Digital,BA MDS: Sets trends,0.06022916666666667,0.3252511708987834,192,-1.0,2.333,0.028583333333333332,0.1546363521173484,0.511296875,0.5398802083333333,16012,14533,0.5759696696329114,0.012393818
Tv,BA: Is a brand I trust,0.05963020833333333,0.3616659297433602,192,-1.0,3.25,0.027640625000000002,0.13745358480038428,0.747390625,0.7750312500000001,73537,88668,0.7880003096728395,0.018592017
Digital,More than Restaurant Consideration: Alcoholic Beverages,0.05785416666666667,0.5168103539714318,192,-1.0,3.914,-0.002041666666666667,0.13324715583276744,0.249140625,0.24714583333333331,16012,14533,0.5700093473717949,0.007823876
Social,DashPass Actions – Talked to others,0.056838541666666666,0.16435821552140453,192,-0.833,1.3,0.014010416666666666,0.07798388809183422,0.10202604166666666,0.116015625,25768,81286,0.8244618669818182,0.015338581
Digital,DashPass Benefits: Consistently adds valuable perks and benefits for members,0.05655729166666667,0.3664498234960285,192,-1.0,2.517,0.008317708333333331,0.15919193229498085,0.40966145833333334,0.41799479166666664,16012,14533,0.6777707174871795,0.006315419
Social,Consideration (Top 2 Box),0.05542708333333334,0.2683453368072807,192,-0.667,2.176,0.02791666666666667,0.1382346943264689,0.7284114583333333,0.756328125,49711,148512,0.5373807528050315,0.004206844
Social,DashPass Benefits: Consistently adds valuable perks and benefits for members,0.05497916666666666,0.22776730934811273,192,-1.0,1.726,0.033125,0.14170596724144138,0.6359583333333333,0.669109375,49711,148512,0.6416406204649682,0.004465164
Social,More than Restaurant Consideration,0.054348958333333336,0.25684980046499795,192,-1.0,2.352,0.028276041666666668,0.15482911319291004,0.6920677083333334,0.7203333333333334,49711,148512,0.5769690722138364,0.007196718
Digital,BA: Makes my life easier,0.053171875,0.3246492858239408,192,-1.0,2.517,0.030791666666666665,0.16263700091405284,0.5866822916666666,0.6174427083333334,16012,14533,0.5364897112307693,0.003608085
Any,BA: Offers a wide selection of brands or stores across a variety of categories,0.05269270833333334,0.17837511022155872,192,-1.0,1.059,0.047406250000000004,0.15959113847284126,0.7010260416666667,0.7484166666666666,15289,108034,0.6602685210294117,0.014094105
Digital,More than Restaurant Consideration: Baby Supplies,0.05213541666666666,0.5386247296284906,192,-1.0,3.117,0.001276041666666667,0.12896199305748776,0.21031770833333333,0.21159895833333334,16012,14533,0.3975781173684211,0.003077101
Tv,DashPass Benefits Awareness: Access to exclusive deals for DashPass members,0.05181770833333333,0.29701720136158516,192,-1.0,3.0,0.028182291666666665,0.16249624433504004,0.6300885416666667,0.6582864583333333,73537,88668,0.706783647825,0.009883221
Tv,BA: Has my favorite brands or stores,0.050916666666666666,0.2674343356961659,192,-1.0,3.0,0.033114583333333336,0.13308442148392238,0.7406822916666668,0.7737968749999999,73537,88668,0.7725588319074075,0.006570521
Digital,BA: Is an essential part of my life,0.04938541666666666,0.33239081173128976,192,-1.0,1.933,0.0219375,0.1459623642590949,0.3955208333333333,0.41746875,16012,14533,0.5421446055063291,0.030657984
Any,BA: Is a brand I trust,0.04920833333333333,0.21653501302875877,192,-0.336,1.99,0.03685416666666667,0.1401620960754557,0.6860104166666666,0.72290625,15289,108034,0.5615502160918368,0.00858691
Digital,Consideration (Top 2 Box),0.04917708333333334,0.35976926854929625,192,-1.0,2.517,0.019364583333333334,0.17112162294277397,0.575125,0.5945364583333334,16012,14533,0.6163104597974683,0.024541734
Digital,More than Restaurant Aided Awareness: Prepared Restaurant Food,0.047234375,0.3917324686309676,192,-1.0,3.0,0.019109375,0.17235897495264862,0.6322552083333334,0.6513749999999999,16012,14533,0.4606074444177215,0.009008631
Social,More than Restaurant Consideration: Baby Supplies,0.04655729166666667,0.4184490021270314,192,-1.0,3.745,0.005203124999999999,0.1442234500710362,0.3057708333333333,0.3109166666666667,49711,148512,0.544184581675,0.007179641
Social,First Choice Consideration,0.04529687500000001,0.45266218971839756,192,-1.0,4.982,-0.005687499999999999,0.08779853336322302,0.21567708333333332,0.21,49711,148512,0.49098418854716985,0.008184988
Digital,More than Restaurant Consideration: Personal Care & Beauty,0.044348958333333334,0.5321360670175426,192,-1.0,3.177,-0.006760416666666667,0.12021775572455394,0.24155729166666665,0.23480729166666667,16012,14533,0.49972049824675324,0.012632144
Digital,More than Restaurant Consideration: Pet Supplies,0.04350520833333333,0.5918520315060699,192,-1.0,3.873,-0.00953125,0.11185634514975797,0.22286979166666668,0.21333333333333335,16012,14533,0.3796791113116883,0.000770164
Social,Unaided Brand Awareness (First Mention),0.042796875000000005,0.4769903962401828,192,-1.0,4.58,-0.004005208333333334,0.09105970065116009,0.233296875,0.229265625,49711,148512,0.5888562599125,0.035635312
Digital,BA MDS: Meets needs,0.04217708333333334,0.36776057812503793,192,-1.0,2.333,0.017703125,0.17145997774769733,0.48942708333333335,0.5070781249999999,16012,14533,0.5799729743417721,0.017951586
Digital,More than Restaurant Consideration: Packaged Food & Non-Alcoholic Beverages,0.041046875000000003,0.505060322860946,192,-1.0,3.914,0.007296875,0.160323169671881,0.32176041666666666,0.3290416666666667,16012,14533,0.47826111569620255,0.000117439
Tv,Brand Familiarity,0.040067708333333334,0.2882430268228501,192,-1.0,3.0,0.018932291666666667,0.1489480411143054,0.816875,0.8358125,73537,88668,0.7512413616644738,0.021640516
Social,BA MDS: Sets trends,0.039947916666666666,0.12925342368735931,192,-0.667,0.869,0.036046875,0.12949742923573782,0.7105156250000001,0.746578125,49711,148512,0.6398158709875,0.003226748
Tv,Consideration (Top 2 Box),0.03965625,0.21748651414531095,192,-1.0,1.214,0.026442708333333332,0.14865063877187415,0.7260260416666666,0.7524375,73537,88668,0.7479832397962963,0.032567046
Any,BA: Has my favorite brands or stores,0.039213541666666664,0.12891306061785254,192,-0.6,0.629,0.037447916666666664,0.13603128449782848,0.684734375,0.7221979166666667,15289,108034,0.6407478848514851,0.013555723
Social,BA: Offers a wide selection of brands or stores across a variety of categories,0.03910416666666667,0.21777698757588354,192,-1.0,1.647,0.024927083333333332,0.1501150166223628,0.7537604166666667,0.7786927083333333,49711,148512,0.4934811157484276,0.008898976
Tv,DashPass Benefits Awareness: $0 delivery fees on eligible orders,0.038453125,0.29623370194526105,192,-1.0,3.0,0.018010416666666668,0.16509416604034946,0.6541979166666666,0.6721822916666667,73537,88668,0.6399790453181818,0.003377848
Any,More than Restaurant Aided Awareness: Flowers,0.0378125,0.3284614718375283,192,-1.0,1.7,-0.0019166666666666661,0.13301719502015397,0.334046875,0.332109375,15289,108034,0.4959417088,0.00047004
Digital,More than Restaurant Aided Awareness: Baby Supplies,0.03613541666666667,0.6443513499594687,192,-1.0,7.214,-0.006567708333333334,0.15170115841640044,0.2828541666666667,0.2763333333333333,16012,14533,0.38829729556410253,0.003563677
Social,Unaided Brand Awareness (Any Mention) - Amazon,0.03611458333333333,0.5088827896561274,192,-1.0,3.92,-0.006182291666666667,0.16232238976433455,0.2744947916666667,0.26825,49711,148512,0.6407274991062499,0.019436907
Tv,DashPass Benefits Awareness: $0 delivery fees + 1 Other Benefit,0.03558854166666667,0.2966659102026994,192,-1.0,3.0,0.017916666666666668,0.15960144514210547,0.6397291666666667,0.6576093749999999,73537,88668,0.6433916931428572,0.041519926
Social,Unaided Brand Awareness (Any Mention) - Instacart,0.03494791666666666,0.59192682740426,192,-1.0,4.739,-0.007484375000000001,0.08407494640628618,0.20809375,0.200609375,49711,148512,0.557853879225,0.011774771
Social,More than Restaurant Consideration: Alcoholic Beverages,0.034145833333333334,0.3857901928019025,192,-0.727,2.935,0.004234374999999999,0.145229957626784,0.3604479166666667,0.3646770833333333,49711,148512,0.5786054757484277,0.006288949
Social,More than Restaurant Consideration: Household Essentials,0.03368229166666667,0.41869320272650773,192,-0.853,3.305,-0.0030989583333333333,0.12683776007604436,0.34725520833333334,0.34419791666666666,49711,148512,0.62244915428125,0.008355109
Tv,DashPass Actions – Saw a Deal,0.03364583333333333,0.19613193973342316,192,-1.0,0.794,0.006989583333333333,0.07392227342774302,0.10593229166666666,0.11293229166666667,40444,47900,0.8250654865454546,0.135545547
Social,BA: Has my favorite brands or stores,0.033442708333333335,0.1272105351796358,192,-0.667,0.869,0.027807291666666668,0.13138656186099362,0.7309687500000001,0.758734375,49711,148512,0.5793107788805032,0.014233168
Digital,DashPass Aided Awareness (DD users),0.03343229166666667,0.392197147773186,192,-1.0,3.684,0.0027447916666666666,0.17048376647768282,0.597375,0.600125,16012,14533,0.5156940041756757,0.023583999
Digital,Unaided Brand Awareness (Any Mention),0.033354166666666664,0.42466209490800794,192,-1.0,2.535,-0.001093750000000001,0.16071828809526387,0.38483854166666664,0.3837447916666667,16012,14533,0.38986920012658227,0.007485715
Any,More than Restaurant Aided Awareness,0.033005208333333334,0.3260793193163593,192,-1.0,3.614,0.016130208333333333,0.16851140289211414,0.721734375,0.737890625,15289,108034,0.5073111624949496,0.040557006
Any,Unaided Brand Awareness (Any Mention) - Amazon,0.0323125,0.6711296144740476,192,-1.0,7.312,-0.017614583333333333,0.1526553363737596,0.269546875,0.2518958333333333,15289,108034,0.6133279129809525,0.017905674
Tv,DashPass Aided Awareness,0.03158333333333333,0.4340671206973711,192,-1.0,5.479,0.003875,0.16371074926248352,0.8334947916666667,0.8373645833333333,73537,88668,0.6670595569202898,0.005069581
Tv,DashPass Actions – Talked to others,0.031145833333333334,0.1955489242175796,192,-1.0,0.68,0.009479166666666667,0.06705283986031711,0.10303125,0.11252083333333333,40444,47900,0.8000166701636363,0.041922655
Tv,BA MDS: Is different,0.030234374999999997,0.2025698567778533,192,-1.0,1.216,0.02340625,0.14964247640985262,0.7048072916666667,0.7282135416666667,73537,88668,0.7396916327901235,0.010713011
Digital,More than Restaurant Consideration: Prepared Restaurant Food,0.029630208333333335,0.34619239834852217,192,-1.0,2.026,0.020755208333333334,0.1795485247714398,0.471875,0.4926875,16012,14533,0.6032306656582278,0.014768893
Any,Brand Familiarity,0.027973958333333337,0.13916442626683112,192,-1.0,0.687,0.037307291666666666,0.16868743160076,0.763640625,0.800875,15289,108034,0.674714322867347,0.022811526
Tv,BA: Offers a wide selection of brands or stores across a variety of categories,0.027953125,0.18553638920150392,192,-1.0,0.726,0.018567708333333332,0.1341966034438748,0.7772656250000001,0.79578125,73537,88668,0.7429898343271605,0.039732794
Social,More than Restaurant Aided Awareness: Alcoholic Beverages,0.027713541666666664,0.3524766320633776,192,-1.0,2.659,0.0006250000000000003,0.13548657706741662,0.41129687499999995,0.41190625,49711,148512,0.56163937836875,0.002054041
Social,Brand Familiarity,0.027130208333333336,0.18137294522802827,192,-1.0,1.314,0.019947916666666666,0.15422410903343,0.8145572916666667,0.8344791666666667,49711,148512,0.567845510445946,0.011914109
Digital,DashPass Benefits Awareness: Reduced service fees on eligible orders,0.02661458333333333,0.400615230262343,192,-1.0,3.368,0.0035885416666666674,0.12879941983039936,0.4464166666666667,0.45001562500000003,16012,14533,0.4193700348571428,0.020135305
Social,More than Restaurant Aided Awareness: Health & Medicine,0.026218750000000002,0.41559736110518275,192,-1.0,3.759,-0.006541666666666667,0.15229300889556363,0.38280729166666666,0.376265625,49711,148512,0.5214002921125,0.002077904
Tv,Unaided Brand Awareness (Any Mention) - Amazon,0.025526041666666662,0.5185344423513913,192,-1.0,4.927,-0.012223958333333335,0.10937038683864049,0.26771875,0.25546874999999997,73537,88668,0.5335053551358024,0.003929291
Tv,DashPass Aided Awareness (DD users),0.025473958333333335,0.48410534891392887,192,-1.0,5.479,-0.0033229166666666667,0.15037676903629119,0.7503333333333333,0.7470260416666666,73537,88668,0.5749989569477124,0.004351785
Social,BA: Is a brand I trust,0.022770833333333334,0.1312387999044072,192,-0.27,0.869,0.021291666666666667,0.12598661249136994,0.738765625,0.7600937499999999,49711,148512,0.5403992419044585,0.000278693
Social,More than Restaurant Aided Awareness,0.02276041666666667,0.21823291965413452,192,-1.0,1.35,0.012151041666666668,0.15435294124218513,0.7532187499999999,0.7653541666666667,49711,148512,0.5379189242704402,0.003230086
Tv,DashPass Worth,0.022223958333333335,0.28099920226630887,192,-1.0,1.038,0.0034739583333333337,0.11261698675473222,0.322421875,0.325859375,73537,88668,0.5544600294187501,0.005982415
Social,BA: Makes my life easier,0.018848958333333336,0.14319500524705836,192,-1.0,0.869,0.019072916666666665,0.14605530364689154,0.7510729166666666,0.7701302083333333,49711,148512,0.5851990333630573,0.00305954
Any,More than Restaurant Aided Awareness: Pet Supplies,0.01861979166666667,0.2942178311586233,192,-1.0,1.329,-0.007291666666666666,0.16832631091394712,0.3584583333333333,0.35117708333333336,15289,108034,0.4831668318761905,0.000672836
Digital,BA: Is a brand I trust,0.017916666666666668,0.2577429892675636,192,-1.0,1.923,0.016692708333333334,0.15071225087680923,0.5669114583333333,0.5836041666666666,16012,14533,0.5443948003291139,0.022921407
Digital,Affinity,0.017911458333333338,0.4144437734289028,192,-1.0,1.923,-0.007536458333333333,0.1929384480530751,0.38176041666666666,0.3742447916666667,16012,14533,0.5284473217435898,0.014883868
Any,More than Restaurant Consideration: Fresh Food & Produce,0.017453125,0.7172146953717549,192,-0.708,8.113,-0.01825,0.16179933923848536,0.3751302083333334,0.3568229166666667,15289,108034,0.6567804635238095,0.009153337
Social,DashPass Aided Awareness (DD users),0.016739583333333335,0.2279618891998708,192,-1.0,1.895,0.005921875,0.1561002468231427,0.7382291666666667,0.744140625,49711,148512,0.5855563869391892,0.012265179
Digital,Brand Familiarity,0.015343749999999998,0.3071658940261428,192,-1.0,1.667,-0.004348958333333333,0.18191793241743628,0.6889010416666667,0.6845364583333334,16012,14533,0.46827152468831174,0.020138909
Digital,More than Restaurant Aided Awareness: Alcoholic Beverages,0.012973958333333332,0.48232451367420237,192,-1.0,4.0,-0.022661458333333332,0.14801363660807035,0.3231354166666667,0.3004791666666667,16012,14533,0.4580060687594937,0.011847519
Social,DashPass Aided Awareness,0.012817708333333335,0.19641107948765543,192,-1.0,1.895,0.010458333333333333,0.14965981786045446,0.8301197916666667,0.8405468749999999,49711,148512,0.5025390031567164,0.001993784
Tv,BA: Makes my life easier,0.012171875,0.18877324173851004,192,-1.0,0.457,0.014187499999999999,0.15591804213712515,0.7668697916666667,0.7810104166666667,73537,88668,0.7570782595308642,0.002619251
Digital,BA: Has my favorite brands or stores,0.010718749999999999,0.24145632335142403,192,-1.0,0.758,0.01746354166666667,0.14041900172707988,0.5576458333333333,0.5751979166666666,16012,14533,0.6321535103417721,0.01527476
Any,More than Restaurant Aided Awareness: Household Essentials,0.008682291666666668,0.36349953815616737,192,-1.0,2.352,-0.007234375000000001,0.15488151953959936,0.37042187499999996,0.363203125,15289,108034,0.5415717669904762,0.012214862
Tv,Unaided Brand Awareness (First Mention),0.008458333333333333,0.3634439085946963,192,-1.0,3.0,-0.007869791666666667,0.10297739661483452,0.232171875,0.22430729166666666,73537,88668,0.5627333045370371,0.007675823
Any,DashPass Aided Awareness (DD users),0.004260416666666665,0.19566788534885723,192,-1.0,1.057,-0.003145833333333334,0.158603062709623,0.7068593750000001,0.7036979166666666,15289,108034,0.5376665735957447,0.008816245
Tv,DashPass Benefits Awareness: Max [HBO] subscription included at no extra cost,0.0042291666666666675,0.4179531770455195,192,-1.0,3.0,-0.006817708333333333,0.16402771793272672,0.486484375,0.4796458333333333,73537,88668,0.5791947220375,0.006059089
Any,Unaided Brand Awareness (Any Mention),0.0035520833333333337,0.3155782980412149,192,-1.0,1.515,-0.019723958333333336,0.14074283796591508,0.41283333333333333,0.39310416666666664,15289,108034,0.6626838117333333,0.003688124
Digital,DashPass Benefits: Save more than other delivery subscription services,0.0012760416666666669,0.409822489793167,192,-1.0,3.368,-0.003374999999999999,0.16645589639609093,0.37992187499999996,0.37651562499999996,16012,14533,0.5168292790769231,0.022051385
Tv,DashPass Benefits Awareness: Discounted rides with Lyft,0.0009947916666666673,0.3246844863548881,192,-1.0,3.0,-0.011255208333333334,0.1487284762868063,0.5300781250000001,0.5188437499999999,73537,88668,0.49699851507500004,0.01695301
Digital,DashPass Benefits Awareness: Access to exclusive deals for DashPass members,-0.0001718750000000003,0.36101533178074197,192,-1.0,2.517,-0.00725,0.16934978826482278,0.46068229166666663,0.45342708333333337,16012,14533,0.5505607923246754,0.005673883
Any,DashPass Aided Awareness,-0.00103125,0.13771724983872344,192,-1.0,0.515,0.008036458333333335,0.1586434433543603,0.8015885416666667,0.8096718749999999,15289,108034,0.5102908992022471,0.016340992
Digital,DashPass Benefits Awareness: Ability to add someone in your household to your DashPass membership for free,-0.0018958333333333316,0.357943090599892,192,-1.0,1.933,-0.0069947916666666665,0.14283368197212984,0.3322864583333333,0.3252916666666667,16012,14533,0.4339316861025641,0.005216843
Tv,Aided Awareness,-0.002322916666666666,0.17070975918339806,192,-1.0,0.485,-0.006411458333333332,0.1516123897531397,0.9164895833333334,0.9101093750000001,73537,88668,0.7184192836481481,0.025384877
Digital,DashPass Benefits Awareness: Max [HBO] subscription included at no extra cost,-0.004052083333333335,0.4619938321428601,192,-1.0,3.8,-0.0071666666666666675,0.13746840982504122,0.26541145833333335,0.25821354166666666,16012,14533,0.5079699588974359,0.039035689
Digital,DashPass Benefits Awareness: $0 delivery fees + 1 Other Benefit,-0.0063124999999999995,0.3173058317108218,192,-1.0,1.667,-0.013390625000000001,0.17076568716123627,0.49332291666666667,0.47993749999999996,16012,14533,0.48723447446052637,0.040718008
Digital,More than Restaurant Aided Awareness: Packaged Food & Non-Alcoholic Beverages,-0.006473958333333332,0.3488546395387412,192,-1.0,1.667,-0.010718749999999999,0.1684854121188498,0.4266197916666667,0.41588020833333333,16012,14533,0.4118382812531646,0.000957549
Digital,More than Restaurant Aided Awareness,-0.006828125000000002,0.31539461966849996,192,-1.0,2.517,-0.015182291666666667,0.16220752365995092,0.6419374999999999,0.6267604166666666,16012,14533,0.4089306270128205,0.011053529
Digital,Aided Awareness,-0.007036458333333335,0.11129755280638186,192,-1.0,0.354,0.002359374999999999,0.13548466815222812,0.907578125,0.9098854166666667,16012,14533,0.4007717720967742,0.012618383
Digital,DashPass Benefits Awareness: $0 delivery fees on eligible orders,-0.007864583333333333,0.3141504664929391,192,-1.0,1.667,-0.013671875,0.17004795024596275,0.5211197916666667,0.5074010416666667,16012,14533,0.45593932963157896,0.000571679
Digital,DashPass Actions – Saw a Deal,-0.008364583333333333,0.2257299790704247,192,-1.0,1.17,-0.009536458333333333,0.06421706256567408,0.074734375,0.06519791666666667,9041,8343,0.37634202975000003,0.009079461
Digital,"DashPass Benefits: Provides more value than other non-delivery subscription services (e.g. TV streaming, audio streaming, fitness, fashion, etc)",-0.010437499999999997,0.4057204002681123,192,-1.0,2.517,-0.02378125,0.17149742129394016,0.3678958333333333,0.34414062500000003,16012,14533,0.5515476039487179,0.031737266
Any,More than Restaurant Aided Awareness: Health & Medicine,-0.010671874999999997,0.3688036433827387,192,-1.0,2.54,-0.033302083333333336,0.168669391904016,0.37568229166666667,0.34236979166666665,15289,108034,0.5170898962571429,0.010751779
Digital,DashPass Benefits: Saves subscription members more money than non-members who use the delivery service,-0.011848958333333335,0.33439253839930266,192,-1.0,2.822,-0.01752604166666667,0.15375655385157533,0.4498229166666667,0.43234375,16012,14533,0.5353395920128206,0.026364214
Social,More than Restaurant Consideration: Packaged Food & Non-Alcoholic Beverages,-0.013187500000000003,0.2524098019395904,192,-0.545,1.762,-0.0161875,0.10225681789632768,0.4143333333333334,0.39818229166666663,49711,148512,0.61232214605,0.006712348
Social,Unaided Brand Awareness (Any Mention),-0.017447916666666664,0.779562199188759,192,-1.0,10.16,-0.033854166666666664,0.11373036719512765,0.423046875,0.3891770833333333,49711,148512,0.68469605815,0.02020965
Digital,BA MDS: Is different,-0.019765625,0.3452868331355543,192,-1.0,2.333,-0.017921875,0.16806175361108325,0.49619270833333334,0.478234375,16012,14533,0.6394298177341772,0.033368198
Social,Aided Awareness,-0.021828125,0.1261601518582029,192,-1.0,1.059,-0.018406250000000002,0.12320876406280853,0.9199114583333333,0.9015364583333333,49711,148512,0.8129219160891088,0.117776859
Digital,DashPass Benefit Awareness: $0 Delivery + 1 Other Benefit (DP aware non-users),-0.022015625,0.5192412857656701,192,-1.0,2.667,-0.008697916666666666,0.11675069602282895,0.13808854166666668,0.12943229166666667,16012,14533,0.3894670259,0.028349151
Any,Aided Awareness,-0.022197916666666668,0.09932227093401765,192,-0.6,0.699,-0.004171875,0.1498232698519697,0.8955000000000001,0.891359375,15289,108034,0.6041570264637681,0.010304814
Digital,More than Restaurant Consideration: Health & Medicine,-0.023343749999999996,0.41153272001943764,192,-1.0,2.395,-0.013151041666666667,0.17151735246867048,0.2529895833333333,0.23985416666666667,16012,14533,0.37599261087179486,0.005586758
Any,More than Restaurant Aided Awareness: Fresh Food & Produce,-0.023770833333333335,0.38444019215452035,192,-1.0,2.599,-0.02456770833333333,0.1898244865809349,0.44315625,0.41854166666666665,15289,108034,0.6730740674095238,0.131808312
Social,More than Restaurant Aided Awareness: Packaged Food & Non-Alcoholic Beverages,-0.024833333333333336,0.34850636166169724,192,-1.0,3.085,-0.030911458333333332,0.13322050953668102,0.47836979166666665,0.44749479166666667,49711,148512,0.68538573406875,0.007887787
Any,First Choice Consideration,-0.025484375000000004,0.6364933380547584,192,-1.0,6.143,-0.04174479166666667,0.14072159761585448,0.24297395833333335,0.20123958333333333,15289,108034,0.6583175413137256,0.006586407
Digital,More than Restaurant Consideration,-0.026802083333333334,0.3108688759044691,192,-1.0,2.517,-0.014411458333333333,0.17035116939762882,0.516203125,0.501828125,16012,14533,0.5437225714177215,0.00282923
Digital,DashPass Aided Awareness,-0.027604166666666666,0.2127805682959045,192,-1.0,1.0,-0.019859375000000002,0.1426430613394792,0.7620989583333334,0.7422760416666666,16012,14533,0.5550554644492754,0.002978732
Tv,First Choice Consideration,-0.027916666666666663,0.4216278393370318,192,-1.0,4.471,-0.014781250000000001,0.06557218206075978,0.21358854166666666,0.19883854166666667,73537,88668,0.5551538922839506,0.000384435
Social,More than Restaurant Consideration: Prepared Restaurant Food,-0.033593750000000006,0.3800689405119611,192,-1.0,3.142,-0.027833333333333335,0.15779950607867452,0.509390625,0.48152083333333334,49711,148512,0.7356366409625,0.015980089
Digital,Unaided Brand Awareness (Any Mention) - Instacart,-0.04197395833333333,0.43182923271737383,192,-1.0,2.714,-0.007526041666666668,0.1518295729216444,0.24569270833333334,0.23817708333333332,16012,14533,0.47073624859493673,0.002215545
Any,More than Restaurant Consideration: Prepared Restaurant Food,-0.042807291666666664,0.31265783339658965,192,-1.0,2.438,-0.02659375,0.17632814353236603,0.49649479166666666,0.4699166666666667,15289,108034,0.7168049544857142,0.032502721
Digital,More than Restaurant Aided Awareness: Fresh Food & Produce,-0.05098958333333334,0.3739690329255352,192,-1.0,2.0,-0.02577083333333333,0.16560196265414254,0.38404166666666667,0.35826562500000003,16012,14533,0.460016175835443,0.00368666
Digital,More than Restaurant Aided Awareness: Health & Medicine,-0.05325,0.4153019087274584,192,-1.0,2.276,-0.04085416666666667,0.16456106803687823,0.33925520833333334,0.29833333333333334,16012,14533,0.4469408634177215,0.00582161
Any,More than Restaurant Aided Awareness: Packaged Food & Non-Alcoholic Beverages,-0.057729166666666665,0.35869684086630793,192,-1.0,3.343,-0.040072916666666666,0.15462007108739653,0.4834322916666667,0.443359375,15289,108034,0.7262912186380952,0.013364355
Digital,More than Restaurant Aided Awareness: Flowers,-0.0595,0.50222439239262,192,-1.0,4.227,-0.039338541666666664,0.13086200306841092,0.27972916666666664,0.24038020833333332,16012,14533,0.4129707112948718,0.011946105
Social,Unaided Brand Awareness (Any Mention) - Uber Eats,-0.06290104166666667,0.21598374865895145,192,-1.0,1.083,-0.026890625,0.0835017855132483,0.3840677083333333,0.35717187499999997,49711,148512,0.62097036883125,0.005137117
Digital,More than Restaurant Consideration: Flowers,-0.06874479166666667,0.41535781896309415,192,-1.0,2.2,-0.03336979166666667,0.14454385274165554,0.22915104166666667,0.19570833333333335,16012,14533,0.444565779974359,0.02299503
Digital,Unaided Brand Awareness (Any Mention) - GrubHub,-0.07814583333333333,0.6051513328824075,192,-1.0,2.681,-0.016,0.11706985429793752,0.13007291666666668,0.114140625,16012,14533,0.4538210678378378,0.0
Digital,More than Restaurant Aided Awareness: Personal Care & Beauty,-0.07864583333333333,0.6346332160669083,192,-1.0,7.214,-0.054635416666666665,0.13966535320432683,0.3188697916666667,0.26426041666666666,16012,14533,0.480394714474359,0.000348292
Any,More than Restaurant Aided Awareness: Prepared Restaurant Food,-0.09096354166666666,0.2316108483022012,192,-1.0,1.015,-0.05930729166666667,0.16987465150527947,0.6054427083333334,0.54625,15289,108034,0.7586052085428572,0.023211819
Any,DashPass Benefit Awareness: $0 Delivery + 1 Other Benefit (DP aware non-users),-0.09568229166666666,0.5227195078369038,192,-1.0,4.775,-0.00996875,0.09703148440567415,0.112203125,0.10223958333333333,15289,108034,0.6649700793820225,0.002936689
Social,More than Restaurant Aided Awareness: Prepared Restaurant Food,-0.09971875000000001,0.24300654778091446,192,-1.0,1.805,-0.06834895833333333,0.12166922844639773,0.6021458333333333,0.5337552083333333,49711,148512,0.796865606925,0.030461325
Any,More than Restaurant Aided Awareness: Personal Care & Beauty,-0.10806770833333333,0.30127559629079675,192,-1.0,2.212,-0.05425520833333333,0.1512125250150342,0.402359375,0.348078125,15289,108034,0.6849919943619047,0.006935927
Digital,DashPass Aided Awareness (DD aware non-users),-0.15023958333333334,0.40505571318150463,192,-1.0,1.56,-0.022598958333333332,0.1348782681681528,0.16473437500000002,0.14211458333333335,16012,14533,0.45247157698461543,0.0
Social,Unaided Brand Awareness (Any Mention) - GrubHub,-0.152203125,0.3349674601538349,192,-1.0,1.974,-0.030208333333333334,0.0763023630749418,0.12438020833333334,0.09415625,49711,148512,0.6540124182866243,0.001416101
Social,DashPass Benefit Awareness: $0 Delivery + 1 Other Benefit (DP aware non-users),-0.16705208333333332,0.4296757542817916,192,-1.0,2.832,-0.010276041666666666,0.1291771860336778,0.11315104166666667,0.10288020833333333,49711,148512,0.7300807917753623,0.001689836
