timestamp,METRIC_NAME,lift_mean,lift_std,lift_count,lift_min,lift_max,mom_change,mom_pct_change
2025-02-01,Age - 18-24,0.4051451612903226,0.6707232448264939,248,-1.0,4.245,,
2025-03-01,Age - 18-24,0.11845564516129031,0.5295000602588795,248,-1.0,3.948,-0.28668951612903226,-70.7621720609897
2025-04-01,Age - 18-24,0.1516975806451613,0.4187653740898754,248,-0.623,3.176,0.033241935483871,28.06277019436978
2025-02-01,Age - 25-34,0.061500000000000006,0.364429574787444,248,-0.587,4.235,,
2025-03-01,Age - 25-34,0.15181854838709677,0.2952885560167943,248,-0.483,1.854,0.09031854838709677,146.85942827170203
2025-04-01,Age - 25-34,0.07362096774193548,0.16029608700773346,248,-0.552,0.894,-0.07819758064516129,-51.50726408329128
2025-02-01,Age - 35-44,0.0433508064516129,0.20676234161538748,248,-0.443,1.692,,
2025-03-01,Age - 35-44,0.05241129032258064,0.18859276488012466,248,-0.647,1.33,0.009060483870967743,20.90038135987351
2025-04-01,Age - 35-44,0.08579838709677419,0.16823073031069502,248,-0.391,0.881,0.03338709677419355,63.702108016617956
2025-02-01,Age - 45-54,0.02939516129032258,0.28105804488019326,248,-0.669,1.043,,
2025-03-01,Age - 45-54,0.010040322580645163,0.18602587426987463,248,-0.621,0.784,-0.01935483870967742,-65.84362139917694
2025-04-01,Age - 45-54,0.05299596774193548,0.1884477074554464,248,-0.335,1.347,0.04295564516129032,427.83132530120474
2025-02-01,Any - Any,0.02728225806451613,0.1350522502264838,248,-0.449,0.545,,
2025-03-01,Any - Any,0.04867338709677419,0.12700930094978236,248,-0.285,0.503,0.021391129032258063,78.40673958025421
2025-04-01,Any - Any,0.06333467741935485,0.1150200690422615,248,-0.35,0.49,0.014661290322580657,30.121779471460552
2025-02-01,"Children in HH -  Yes, age 0-6",0.09641532258064517,0.24227280957258726,248,-0.646,1.146,,
2025-03-01,"Children in HH -  Yes, age 0-6",0.16900403225806454,0.3409717774539592,248,-0.695,2.656,0.07258870967741937,75.28752457028148
2025-04-01,"Children in HH -  Yes, age 0-6",0.16185483870967743,0.21964700032966541,248,-0.435,1.517,-0.007149193548387112,-4.230191110156767
2025-02-01,"Children in HH -  Yes, age 13-17",0.008967741935483872,0.24864248224196786,248,-0.816,1.018,,
2025-03-01,"Children in HH -  Yes, age 13-17",-0.005608870967741935,0.21418540778690223,248,-0.588,0.932,-0.014576612903225808,-162.54496402877697
2025-04-01,"Children in HH -  Yes, age 13-17",0.017391129032258063,0.19600831450269068,248,-0.461,1.451,0.023,-410.0647016534866
2025-02-01,"Children in HH -  Yes, age 7-12",0.04973790322580645,0.25044349297379176,248,-0.55,1.975,,
2025-03-01,"Children in HH -  Yes, age 7-12",0.08003629032258065,0.21362139380749168,248,-0.494,0.785,0.030298387096774203,60.91609241994327
2025-04-01,"Children in HH -  Yes, age 7-12",0.10418145161290322,0.18449285816880068,248,-0.467,0.874,0.02414516129032257,30.167766638117776
2025-02-01,Children in HH - No,0.02386290322580645,0.17579037639194867,248,-0.431,0.989,,
2025-03-01,Children in HH - No,0.08873790322580646,0.17406441596635194,248,-0.438,0.925,0.06487500000000002,271.86549509969586
2025-04-01,Children in HH - No,0.02645564516129032,0.12131525352252248,248,-0.366,0.697,-0.06228225806451614,-70.18675875857683
2025-02-01,DashPass Benefit Awareness - $0 Delivery + 1 Other Benefit (DP aware non-users),0.03785080645161291,0.31677892698590754,248,-0.807,2.302,,
2025-03-01,DashPass Benefit Awareness - $0 Delivery + 1 Other Benefit (DP aware non-users),0.002749999999999999,0.266777003573448,248,-0.637,2.385,-0.03510080645161291,-92.73463300308939
2025-04-01,DashPass Benefit Awareness - $0 Delivery + 1 Other Benefit (DP aware non-users),0.18076209677419355,1.2071089076105908,248,-0.5,18.694,0.17801209677419355,6473.167155425223
2025-02-01,DashPass Benefit Awareness - $0 Delivery + 1 Other Benefit (DP users),0.05191935483870967,0.31283252356814045,248,-1.0,3.902,,
2025-03-01,DashPass Benefit Awareness - $0 Delivery + 1 Other Benefit (DP users),-0.022483870967741938,0.15682234120929278,248,-0.679,0.777,-0.07440322580645162,-143.3053743398571
2025-04-01,DashPass Benefit Awareness - $0 Delivery + 1 Other Benefit (DP users),0.035875000000000004,0.18715586097033285,248,-0.353,1.611,0.05835887096774194,-259.55882352941177
2025-02-01,DashPass Use - Have not heard of it,0.2222258064516129,0.7779712674222422,248,-0.601,7.214,,
2025-03-01,DashPass Use - Have not heard of it,0.281641129032258,0.6703685162754103,248,-0.75,4.516,0.05941532258064511,26.73646392800113
2025-04-01,DashPass Use - Have not heard of it,0.0938266129032258,0.3256924578534958,248,-0.539,2.535,-0.18781451612903222,-66.68575600956376
2025-02-01,DashPass Use - Heard of it but haven't used it,0.05389516129032258,0.2614865884283726,248,-0.73,1.312,,
2025-03-01,DashPass Use - Heard of it but haven't used it,0.07737903225806451,0.1984595775744861,248,-0.576,1.112,0.023483870967741932,43.573245548406405
2025-04-01,DashPass Use - Heard of it but haven't used it,0.0698024193548387,0.1992979105763905,248,-0.36,1.426,-0.00757661290322581,-9.791558103178744
2025-02-01,DashPass Use - Use it now,0.032584677419354835,0.22717866679523213,248,-1.0,2.26,,
2025-03-01,DashPass Use - Use it now,-0.0019959677419354835,0.16346992686033618,248,-0.536,0.879,-0.03458064516129032,-106.1254795198614
2025-04-01,DashPass Use - Use it now,0.0327741935483871,0.2531149052954958,248,-0.363,2.944,0.034770161290322586,-1742.0202020202028
2025-02-01,DashPass Use - Used in the past but do not use now,0.045854838709677416,0.2384940163755423,248,-0.881,1.95,,
2025-03-01,DashPass Use - Used in the past but do not use now,0.10794354838709677,0.2181136576432478,248,-0.403,1.188,0.062088709677419356,135.4027435807246
2025-04-01,DashPass Use - Used in the past but do not use now,0.08283870967741935,0.14553483031760914,248,-0.307,0.896,-0.02510483870967742,-23.257377661561453
2025-02-01,"Delivery Category -  Groceries (e.g., dairy, eggs, produce, meat, bread, snacks, pasta, etc.)",0.024907258064516127,0.16899789025508563,248,-0.468,0.679,,
2025-03-01,"Delivery Category -  Groceries (e.g., dairy, eggs, produce, meat, bread, snacks, pasta, etc.)",0.07830645161290321,0.14310414527698054,248,-0.522,0.646,0.05339919354838708,214.39209972478545
2025-04-01,"Delivery Category -  Groceries (e.g., dairy, eggs, produce, meat, bread, snacks, pasta, etc.)",0.06807258064516129,0.12640188292216528,248,-0.325,0.682,-0.01023387096774192,-13.0690010298661
2025-02-01,"Delivery Category -  Household Essentials (e.g., paper towels, toilet paper, cleaning supplies, organizers, etc.)",0.056326612903225805,0.19283063559955435,248,-0.471,0.72,,
2025-03-01,"Delivery Category -  Household Essentials (e.g., paper towels, toilet paper, cleaning supplies, organizers, etc.)",0.050766129032258064,0.14985515861895457,248,-0.363,0.949,-0.00556048387096774,-9.871859116615356
2025-04-01,"Delivery Category -  Household Essentials (e.g., paper towels, toilet paper, cleaning supplies, organizers, etc.)",0.03993145161290323,0.1451529395117317,248,-0.357,0.759,-0.010834677419354836,-21.34233518665607
2025-02-01,"Delivery Category -  Personal Care &amp; Beauty (e.g., cosmetics/makeup, bath and body, skincare, feminine care, etc.)",0.02145564516129032,0.18674641829317923,248,-0.489,0.905,,
2025-03-01,"Delivery Category -  Personal Care &amp; Beauty (e.g., cosmetics/makeup, bath and body, skincare, feminine care, etc.)",0.04558467741935484,0.16320822275484254,248,-0.51,1.057,0.02412903225806452,112.46006389776362
2025-04-01,"Delivery Category -  Personal Care &amp; Beauty (e.g., cosmetics/makeup, bath and body, skincare, feminine care, etc.)",0.056677419354838714,0.1383371782011818,248,-0.33,0.68,0.011092741935483874,24.3343653250774
2025-02-01,"Delivery Category -  Prepared Restaurant Food (e.g., pizza, Thai food, Mexican food, sushi, etc.)",0.04623387096774193,0.15353951390405735,248,-0.495,0.746,,
2025-03-01,"Delivery Category -  Prepared Restaurant Food (e.g., pizza, Thai food, Mexican food, sushi, etc.)",0.04748387096774193,0.14174982146214535,248,-0.387,0.627,0.0012500000000000011,2.7036455607884147
2025-04-01,"Delivery Category -  Prepared Restaurant Food (e.g., pizza, Thai food, Mexican food, sushi, etc.)",0.051266129032258065,0.12569345197087936,248,-0.319,0.625,0.003782258064516132,7.965353260869579
2025-02-01,Delivery Category - None of the above,0.33741129032258066,0.9580754706615486,248,-1.0,5.095,,
2025-03-01,Delivery Category - None of the above,0.6284435483870968,1.4607490829844767,248,-1.0,11.423,0.29103225806451616,86.25445158823109
2025-04-01,Delivery Category - None of the above,0.242383064516129,0.8965990320803457,248,-1.0,7.312,-0.3860604838709678,-61.43121126182196
2025-02-01,"Digital Frequency (1, 2-3, 4-9, 10-19, 20+) with Control  - 1",0.07687903225806451,0.22181907471349702,248,-0.567,1.09,,
2025-03-01,"Digital Frequency (1, 2-3, 4-9, 10-19, 20+) with Control  - 1",0.018375000000000002,0.2687169855439697,248,-0.856,1.655,-0.05850403225806451,-76.09881464386866
2025-04-01,"Digital Frequency (1, 2-3, 4-9, 10-19, 20+) with Control  - 1",0.03505645161290323,0.20485639494363184,248,-0.659,0.812,0.016681451612903228,90.78341013824884
2025-02-01,"Digital Frequency (1, 2-3, 4-9, 10-19, 20+) with Control  - 10-19",0.07791935483870968,0.24291027639214857,248,-0.662,0.701,,
2025-03-01,"Digital Frequency (1, 2-3, 4-9, 10-19, 20+) with Control  - 10-19",-0.01607258064516129,0.2784259740950961,248,-1.0,0.807,-0.09399193548387097,-120.62719933761126
2025-04-01,"Digital Frequency (1, 2-3, 4-9, 10-19, 20+) with Control  - 10-19",0.08570161290322581,0.19193147730685992,248,-0.528,0.884,0.1017741935483871,-633.2162568991471
2025-02-01,"Digital Frequency (1, 2-3, 4-9, 10-19, 20+) with Control  - 2-3",0.16957258064516129,0.257256867595983,248,-0.752,0.996,,
2025-03-01,"Digital Frequency (1, 2-3, 4-9, 10-19, 20+) with Control  - 2-3",0.04088709677419355,0.2250612227880966,248,-0.792,1.683,-0.12868548387096773,-75.88814381509488
2025-04-01,"Digital Frequency (1, 2-3, 4-9, 10-19, 20+) with Control  - 2-3",0.051298387096774194,0.20728075505070906,248,-0.537,0.925,0.010411290322580646,25.463510848126237
2025-02-01,"Digital Frequency (1, 2-3, 4-9, 10-19, 20+) with Control  - 20+",0.06550806451612903,0.23877824977639653,248,-0.646,0.976,,
2025-03-01,"Digital Frequency (1, 2-3, 4-9, 10-19, 20+) with Control  - 20+",0.10112096774193548,0.19543422401117247,248,-0.34,1.031,0.035612903225806444,54.36415117567399
2025-04-01,"Digital Frequency (1, 2-3, 4-9, 10-19, 20+) with Control  - 20+",0.0892016129032258,0.17776819186196907,248,-0.398,0.875,-0.011919354838709678,-11.787223861551954
2025-02-01,"Digital Frequency (1, 2-3, 4-9, 10-19, 20+) with Control  - 4-9",0.03502822580645161,0.21816660426443066,248,-0.642,0.676,,
2025-03-01,"Digital Frequency (1, 2-3, 4-9, 10-19, 20+) with Control  - 4-9",0.05860483870967742,0.21105176441797754,248,-0.463,1.586,0.02357661290322581,67.30747093357891
2025-04-01,"Digital Frequency (1, 2-3, 4-9, 10-19, 20+) with Control  - 4-9",0.045354838709677416,0.17839902931547197,248,-0.491,0.837,-0.013250000000000005,-22.60905463052154
2025-02-01,Ethnicity - Asian,0.08822177419354839,0.621197598747739,248,-0.848,7.142,,
2025-03-01,Ethnicity - Asian,-0.04795161290322581,0.7184117362282054,248,-1.0,8.165,-0.1361733870967742,-154.35348964760732
2025-04-01,Ethnicity - Asian,0.15183467741935483,0.7630906054676154,248,-0.865,6.789,0.19978629032258063,-416.6414396232761
2025-02-01,Ethnicity - Black/African American,0.1545564516129032,0.36580899868778666,248,-1.0,1.303,,
2025-03-01,Ethnicity - Black/African American,0.2698427419354839,0.41555998444972087,248,-0.56,2.52,0.1152862903225807,74.59170362640234
2025-04-01,Ethnicity - Black/African American,0.15497580645161288,0.45611289290286633,248,-0.413,4.777,-0.11486693548387103,-42.568102688244366
2025-02-01,Ethnicity - Hispanic,0.2523427419354839,0.7706204552832434,248,-1.0,3.914,,
2025-03-01,Ethnicity - Hispanic,0.11516532258064516,0.47745628378120947,248,-1.0,4.087,-0.13717741935483874,-54.36154743452486
2025-04-01,Ethnicity - Hispanic,0.14743951612903225,0.4645550615737311,248,-0.609,3.248,0.03227419354838709,28.024228843527887
2025-02-01,Ethnicity - Native American,-0.19216129032258064,0.5917714555987692,248,-1.0,3.912,,
2025-03-01,Ethnicity - Native American,0.08978225806451613,1.1131933971422192,248,-1.0,13.101,0.2819435483870968,-146.7223434614739
2025-04-01,Ethnicity - Native American,0.025854838709677416,0.44625790356553985,248,-0.826,3.34,-0.06392741935483871,-71.20273062067727
2025-02-01,Ethnicity - Native Hawaiian or Other Pacific Islander,-0.025693548387096775,0.8116999922182551,248,-1.0,7.79,,
2025-03-01,Ethnicity - Native Hawaiian or Other Pacific Islander,-0.02327822580645162,0.40223909643153055,248,-1.0,2.267,0.0024153225806451545,-9.400502197112337
2025-04-01,Ethnicity - Native Hawaiian or Other Pacific Islander,0.26639112903225803,0.9649623580594193,248,-1.0,5.574,0.28966935483870965,-1244.379005716265
2025-02-01,Ethnicity - Other,0.2610524193548387,1.025054595797996,248,-1.0,6.13,,
2025-03-01,Ethnicity - Other,-0.0922016129032258,0.5892224338877282,248,-1.0,4.001,-0.3532540322580645,-135.31919494601564
2025-04-01,Ethnicity - Other,-0.035274193548387095,0.5711889487742005,248,-1.0,3.151,0.05692741935483871,-61.74232484912097
2025-02-01,Ethnicity - Prefer not to answer,0.2636572580645161,1.2681435152102383,248,-1.0,10.616,,
2025-03-01,Ethnicity - Prefer not to answer,-0.11511693548387096,0.5351614369502609,248,-1.0,1.895,-0.3787741935483871,-143.66158410693257
2025-04-01,Ethnicity - Prefer not to answer,-0.11345564516129032,0.625923309941016,248,-1.0,2.176,0.0016612903225806386,-1.443132859294538
2025-02-01,Ethnicity - White/Caucasian,0.022754032258064515,0.16897614995889249,248,-0.58,0.731,,
2025-03-01,Ethnicity - White/Caucasian,0.03901209677419355,0.15148748246292223,248,-0.379,0.544,0.016258064516129038,71.451355661882
2025-04-01,Ethnicity - White/Caucasian,0.05965322580645162,0.12789187895289772,248,-0.378,0.538,0.020641129032258065,52.909560723514204
2025-02-01,Gender - Female,0.004100806451612903,0.17856413900959428,248,-0.518,1.504,,
2025-03-01,Gender - Female,0.04410483870967742,0.1774660060302541,248,-0.42,0.967,0.040004032258064516,975.5162241887907
2025-04-01,Gender - Female,0.09431451612903226,0.14823899441288121,248,-0.312,0.777,0.05020967741935484,113.84165295300784
2025-02-01,Gender - I prefer to self identify,0.0,0.0,248,0.0,0.0,,
2025-03-01,Gender - I prefer to self identify,-0.10483870967741936,0.30696498862978194,248,-1.0,0.0,-0.10483870967741936,-inf
2025-04-01,Gender - I prefer to self identify,-0.07920564516129032,1.1039886839180086,248,-1.0,5.479,0.02563306451612904,-24.450000000000006
2025-02-01,Gender - Male,0.09462903225806452,0.20948471455323028,248,-0.699,0.933,,
2025-03-01,Gender - Male,0.08585483870967743,0.18143187537363253,248,-0.437,1.197,-0.008774193548387085,-9.272200443156631
2025-04-01,Gender - Male,0.04669354838709677,0.1658677673133385,248,-0.451,0.794,-0.03916129032258066,-45.61337591583694
2025-02-01,Gender - Non-binary or gender fluid,0.34693145161290323,1.097611484538403,248,-1.0,3.759,,
2025-03-01,Gender - Non-binary or gender fluid,-0.037750000000000006,0.8802712972034032,248,-1.0,4.941,-0.38468145161290324,-110.88111205383606
2025-04-01,Gender - Non-binary or gender fluid,0.2853709677419355,1.710873401818046,248,-1.0,11.914,0.3231209677419355,-855.9495834223455
2025-02-01,Gender - Prefer not to answer,-0.3173306451612903,0.617714878894526,248,-1.0,1.059,,
2025-03-01,Gender - Prefer not to answer,-0.3629032258064516,0.4690360071699621,248,-1.0,0.0,-0.04557258064516134,14.361229002007692
2025-04-01,Gender - Prefer not to answer,-0.21077822580645159,0.3995635817742156,248,-1.0,0.212,0.15212500000000004,-41.918888888888894
2025-02-01,Past Brand Recency - Amazon - I did not use in the past 30 days,0.1792258064516129,0.48544795188279577,248,-0.648,3.127,,
2025-03-01,Past Brand Recency - Amazon - I did not use in the past 30 days,0.10470564516129031,0.35437644107967253,248,-0.617,2.993,-0.07452016129032259,-41.57892368610512
2025-04-01,Past Brand Recency - Amazon - I did not use in the past 30 days,-0.02941532258064516,0.23097750579941892,248,-0.499,1.699,-0.13412096774193547,-128.09334925097238
2025-02-01,Past Brand Recency - Amazon - Less than once a week,0.1215766129032258,0.4454861264321728,248,-0.643,3.517,,
2025-03-01,Past Brand Recency - Amazon - Less than once a week,0.09361290322580645,0.1826736081657175,248,-0.338,0.692,-0.027963709677419346,-23.0008954926868
2025-04-01,Past Brand Recency - Amazon - Less than once a week,0.051596774193548384,0.16523216003611355,248,-0.358,0.864,-0.04201612903225807,-44.8828394210889
2025-02-01,Past Brand Recency - Amazon - Once a week,-0.019435483870967742,0.19970014939145986,248,-0.744,1.439,,
2025-03-01,Past Brand Recency - Amazon - Once a week,0.0964717741935484,0.2401933077981348,248,-0.86,1.186,0.11590725806451614,-596.3692946058092
2025-04-01,Past Brand Recency - Amazon - Once a week,0.08668145161290322,0.19185710601447278,248,-0.425,1.136,-0.009790322580645175,-10.14838035527692
2025-02-01,Past Brand Recency - Amazon - Several times a week,0.016596774193548387,0.27524265096933825,248,-1.0,1.622,,
2025-03-01,Past Brand Recency - Amazon - Several times a week,-0.009278225806451613,0.21728681955681248,248,-0.769,0.782,-0.025875000000000002,-155.90379008746356
2025-04-01,Past Brand Recency - Amazon - Several times a week,0.1614274193548387,0.2705845426308055,248,-0.735,1.504,0.1707056451612903,-1839.8522381573225
2025-02-01,Past Brand Recency - DoorDash - I did not use in the past 30 days,0.19055241935483871,0.4304110422111414,248,-0.511,2.529,,
2025-03-01,Past Brand Recency - DoorDash - I did not use in the past 30 days,0.23029435483870966,0.4516666460546833,248,-0.518,3.217,0.03974193548387095,20.856169456376826
2025-04-01,Past Brand Recency - DoorDash - I did not use in the past 30 days,0.40706048387096777,0.986579339889976,248,-0.455,8.304,0.1767661290322581,76.75660532628301
2025-02-01,Past Brand Recency - DoorDash - Less than once a week,0.1476491935483871,0.39374436557803355,248,-0.717,3.681,,
2025-03-01,Past Brand Recency - DoorDash - Less than once a week,0.21477822580645162,0.3074511172259407,248,-0.448,1.897,0.06712903225806452,45.46522107217959
2025-04-01,Past Brand Recency - DoorDash - Less than once a week,0.033483870967741934,0.21005871490231595,248,-0.549,1.542,-0.18129435483870968,-84.41002534497325
2025-02-01,Past Brand Recency - DoorDash - Once a week,0.017068548387096778,0.21243755771959932,248,-0.647,1.822,,
2025-03-01,Past Brand Recency - DoorDash - Once a week,-0.005487903225806452,0.1623079988563463,248,-0.561,0.604,-0.02255645161290323,-132.15213796361917
2025-04-01,Past Brand Recency - DoorDash - Once a week,0.03405645161290322,0.15861535489482287,248,-0.531,0.943,0.039544354838709675,-720.5731080088169
2025-02-01,Past Brand Recency - DoorDash - Several times a week,-0.00609274193548387,0.22482186260820228,248,-0.684,0.943,,
2025-03-01,Past Brand Recency - DoorDash - Several times a week,0.0031088709677419358,0.21625116657834106,248,-1.0,1.368,0.009201612903225805,-151.0258107213766
2025-04-01,Past Brand Recency - DoorDash - Several times a week,0.09690725806451614,0.470844133277504,248,-0.653,5.69,0.0937983870967742,3017.1206225680935
2025-02-01,Past Brand Recency - Grubhub - I did not use in the past 30 days,0.0699274193548387,0.460352297295997,248,-0.516,3.873,,
2025-03-01,Past Brand Recency - Grubhub - I did not use in the past 30 days,0.12856854838709678,0.29969233099597875,248,-1.0,2.094,0.05864112903225807,83.8599930803829
2025-04-01,Past Brand Recency - Grubhub - I did not use in the past 30 days,0.08817741935483871,0.30203644975057004,248,-0.499,3.38,-0.04039112903225807,-31.416026344676183
2025-02-01,Past Brand Recency - Grubhub - Less than once a week,0.027310483870967742,0.2924537756668379,248,-0.655,1.708,,
2025-03-01,Past Brand Recency - Grubhub - Less than once a week,0.055145161290322584,0.3881474779936724,248,-1.0,4.775,0.02783467741935484,101.91938579654511
2025-04-01,Past Brand Recency - Grubhub - Less than once a week,0.07183064516129033,0.22922445276481968,248,-0.5,1.166,0.016685483870967743,30.257385200350974
2025-02-01,Past Brand Recency - Grubhub - Once a week,0.09355645161290321,0.5142886333759932,248,-1.0,4.326,,
2025-03-01,Past Brand Recency - Grubhub - Once a week,-0.005866935483870966,0.42980317785683475,248,-1.0,2.832,-0.09942338709677417,-106.27101111973106
2025-04-01,Past Brand Recency - Grubhub - Once a week,0.16866935483870968,0.4559451139241685,248,-0.664,4.487,0.17453629032258064,-2974.91408934708
2025-02-01,Past Brand Recency - Grubhub - Several times a week,-0.004358870967741935,0.4040353988003281,248,-1.0,3.113,,
2025-03-01,Past Brand Recency - Grubhub - Several times a week,-0.01348790322580645,0.31597920525355894,248,-1.0,2.273,-0.009129032258064516,209.43570767807586
2025-04-01,Past Brand Recency - Grubhub - Several times a week,0.03724193548387096,0.4865737332721618,248,-1.0,4.584,0.05072983870967741,-376.11360239162923
2025-02-01,Past Brand Recency - Instacart - I did not use in the past 30 days,0.03108467741935484,0.32712492643799185,248,-0.448,2.873,,
2025-03-01,Past Brand Recency - Instacart - I did not use in the past 30 days,0.12422983870967742,0.3577360657094636,248,-0.573,2.2,0.09314516129032258,299.64976002075497
2025-04-01,Past Brand Recency - Instacart - I did not use in the past 30 days,0.12705645161290324,0.34194669666340965,248,-0.438,3.374,0.0028266129032258197,2.2753091629069466
2025-02-01,Past Brand Recency - Instacart - Less than once a week,0.0985241935483871,0.3175584988974771,248,-0.875,2.25,,
2025-03-01,Past Brand Recency - Instacart - Less than once a week,0.11355645161290322,0.29105442268114873,248,-0.826,1.783,0.015032258064516121,15.257428173856091
2025-04-01,Past Brand Recency - Instacart - Less than once a week,0.018822580645161287,0.21205134770368453,248,-0.53,1.861,-0.09473387096774193,-83.42447269370074
2025-02-01,Past Brand Recency - Instacart - Once a week,0.1035725806451613,0.43016363844974786,248,-1.0,2.902,,
2025-03-01,Past Brand Recency - Instacart - Once a week,0.1605967741935484,0.5758762718461161,248,-1.0,3.8,0.0570241935483871,55.057229619247835
2025-04-01,Past Brand Recency - Instacart - Once a week,0.05913306451612903,0.24664973451007513,248,-0.809,1.544,-0.10146370967741937,-63.17917043286131
2025-02-01,Past Brand Recency - Instacart - Several times a week,0.041169354838709676,0.6449878537823077,248,-0.816,9.011,,
2025-03-01,Past Brand Recency - Instacart - Several times a week,0.10802822580645162,0.38221759071171885,248,-1.0,2.714,0.06685887096774194,162.39960822722824
2025-04-01,Past Brand Recency - Instacart - Several times a week,0.03510887096774193,0.3519535075829401,248,-0.809,3.159,-0.07291935483870969,-67.50027994475758
2025-02-01,Past Brand Recency - Uber Eats - I did not use in the past 30 days,0.03392338709677419,0.4260300000097639,248,-0.662,4.0,,
2025-03-01,Past Brand Recency - Uber Eats - I did not use in the past 30 days,0.0672258064516129,0.2628434930551872,248,-0.746,1.362,0.03330241935483871,98.16949958397718
2025-04-01,Past Brand Recency - Uber Eats - I did not use in the past 30 days,0.061838709677419355,0.5336290298432479,248,-0.634,7.054,-0.0053870967741935435,-8.01343570057581
2025-02-01,Past Brand Recency - Uber Eats - Less than once a week,-0.0002661290322580652,0.27904979338496877,248,-0.647,1.706,,
2025-03-01,Past Brand Recency - Uber Eats - Less than once a week,0.12566935483870967,0.2693765698515876,248,-0.565,1.212,0.12593548387096773,-47321.212121212
2025-04-01,Past Brand Recency - Uber Eats - Less than once a week,0.12078629032258065,0.251267553203881,248,-0.512,1.542,-0.004883064516129021,-3.8856446127189748
2025-02-01,Past Brand Recency - Uber Eats - Once a week,0.032052419354838706,0.3355183935088909,248,-0.634,2.234,,
2025-03-01,Past Brand Recency - Uber Eats - Once a week,0.10077822580645161,0.3211836711557461,248,-1.0,2.667,0.06872580645161291,214.4169077871431
2025-04-01,Past Brand Recency - Uber Eats - Once a week,0.0871975806451613,0.24902715425606922,248,-0.582,2.286,-0.013580645161290317,-13.47577321650062
2025-02-01,Past Brand Recency - Uber Eats - Several times a week,0.0996491935483871,0.31913138994453366,248,-1.0,1.794,,
2025-03-01,Past Brand Recency - Uber Eats - Several times a week,0.03545564516129032,0.3293414574503695,248,-1.0,2.0,-0.06419354838709677,-64.4195362764537
2025-04-01,Past Brand Recency - Uber Eats - Several times a week,0.06606451612903226,0.3152523246694329,248,-0.864,1.903,0.03060887096774194,86.33003525531673
2025-02-01,Past Brand Usage - Amazon,0.005193548387096774,0.1372054623751423,248,-0.41,0.552,,
2025-03-01,Past Brand Usage - Amazon,0.050608870967741935,0.13386081145751455,248,-0.324,0.629,0.045415322580645165,874.4565217391305
2025-04-01,Past Brand Usage - Amazon,0.06906451612903226,0.12891655286344755,248,-0.346,0.618,0.018455645161290328,36.46721376782727
2025-02-01,Past Brand Usage - DoorDash,0.035241935483870966,0.131774336056769,248,-0.468,1.019,,
2025-03-01,Past Brand Usage - DoorDash,0.0476008064516129,0.11908265220437088,248,-0.332,0.534,0.012358870967741936,35.06864988558354
2025-04-01,Past Brand Usage - DoorDash,0.057443548387096775,0.1096810467810437,248,-0.346,0.484,0.009842741935483873,20.67767894959762
2025-02-01,Past Brand Usage - Grubhub,0.01715725806451613,0.20223040600537578,248,-0.501,1.307,,
2025-03-01,Past Brand Usage - Grubhub,0.032205645161290326,0.16706979937361502,248,-0.757,0.781,0.015048387096774196,87.70857814336077
2025-04-01,Past Brand Usage - Grubhub,0.06593548387096775,0.17571211926687014,248,-0.551,1.361,0.03372983870967742,104.73269062226116
2025-02-01,Past Brand Usage - Instacart,0.030923387096774193,0.16361888599940905,248,-0.601,0.883,,
2025-03-01,Past Brand Usage - Instacart,0.09262096774193548,0.20793694905246135,248,-0.552,1.711,0.06169758064516129,199.51753814056593
2025-04-01,Past Brand Usage - Instacart,0.0450241935483871,0.13759813362057363,248,-0.385,0.825,-0.04759677419354839,-51.38876795820635
2025-02-01,Past Brand Usage - Uber Eats,0.00030241935483871007,0.18221480759664774,248,-0.581,1.02,,
2025-03-01,Past Brand Usage - Uber Eats,0.060588709677419354,0.14343270013199305,248,-0.47,0.908,0.06028629032258064,19934.666666666642
2025-04-01,Past Brand Usage - Uber Eats,0.057858870967741935,0.13566492510886144,248,-0.336,0.985,-0.0027298387096774193,-4.505523758818053
2025-02-01,Past Brand Usage - Used Competitor but NOT Used DoorDash,0.09458064516129032,0.8889156119283467,248,-1.0,7.802,,
2025-03-01,Past Brand Usage - Used Competitor but NOT Used DoorDash,0.1935967741935484,0.5797777030283445,248,-0.755,4.982,0.09901612903225808,104.68963165075036
2025-04-01,Past Brand Usage - Used Competitor but NOT Used DoorDash,0.18245564516129034,0.5479783659257536,248,-0.503,6.143,-0.011141129032258057,-5.754811297175699
