TIMESTAMP,TIMESTAMP_DATE,METRIC_CLEAN,LIFT_mean,LIFT_std,LIFT_count,LIFT_min,LIFT_max,DELTA_mean,DELTA_std,CONTROL__mean,EXPOSED__mean,CONTROL_N_sum,EXPOSED_N_sum,STATISTICAL_SIGNIFICANCE_mean,STATISTICAL_SIGNIFICANCE_min
2025-02-01,2025-02-01,Affinity,0.017343749999999998,0.33709160766887136,256,-1.0,3.0,0.004152343749999999,0.1617472860467987,0.54037890625,0.54452734375,34583,94174,0.69482964681875,0.011344056
2025-02-01,2025-02-01,First Choice Consideration,0.012683593750000003,0.4855964085982361,256,-1.0,4.471,-0.01771875,0.11430310153100766,0.19907421875,0.1813671875,34583,94174,0.42985805542675165,0.006586407
2025-02-01,2025-02-01,More than Restaurant Aided Awareness,0.06885546875,0.3992299236905664,256,-1.0,3.614,0.03173828125,0.15181972623442927,0.68262109375,0.71437890625,34583,94174,0.605700749778481,0.003230086
2025-02-01,2025-02-01,More than Restaurant Aided Awareness: Alcoholic Beverages,0.18943359375,0.534116748899779,256,-1.0,4.0,0.043937500000000004,0.14402620948843944,0.33476953125,0.37872656250000003,34583,94174,0.70794240706875,0.002054041
2025-02-01,2025-02-01,More than Restaurant Aided Awareness: Baby Supplies,0.1965,0.9106674389225329,256,-1.0,10.616,0.032207031250000004,0.15931672766873392,0.3023203125,0.33455078125,34583,94174,0.5895551742830188,0.003563677
2025-02-01,2025-02-01,More than Restaurant Aided Awareness: Flowers,0.11134765625,0.48791681249579205,256,-1.0,4.227,0.0165390625,0.13156305592309542,0.3084921875,0.3250234375,34583,94174,0.6437940750562501,0.018306725
2025-02-01,2025-02-01,More than Restaurant Aided Awareness: Fresh Food & Produce,0.015156249999999994,0.6444034351669007,256,-1.0,6.13,-0.02248828125,0.17941438468183038,0.43005078125,0.4075078125,34583,94174,0.68293997213125,0.038029025
2025-02-01,2025-02-01,More than Restaurant Aided Awareness: Health & Medicine,-0.016410156250000002,0.47090859166123483,256,-1.0,3.759,-0.024625,0.14604635310373884,0.3569765625,0.33233203125,34583,94174,0.5990209513,0.004078822
2025-02-01,2025-02-01,More than Restaurant Aided Awareness: Household Essentials,0.09450390625,0.5200023981697858,256,-1.0,3.368,0.01921875,0.15477928307944908,0.334609375,0.3538203125,34583,94174,0.5921787176687501,0.012691665
2025-02-01,2025-02-01,More than Restaurant Aided Awareness: Packaged Food & Non-Alcoholic Beverages,0.017824218750000002,0.3758862108266056,256,-1.0,3.0,-0.0001601562499999989,0.17884137383302914,0.4310078125,0.4308515625,34583,94174,0.7800994245624999,0.007887787
2025-02-01,2025-02-01,More than Restaurant Aided Awareness: Personal Care & Beauty,0.00028515625000000047,0.6646542317467024,256,-1.0,7.214,-0.030015625,0.1594323255226763,0.34917578125,0.31912109375,34583,94174,0.6700898754625,0.003224436
2025-02-01,2025-02-01,More than Restaurant Aided Awareness: Pet Supplies,0.06937890625,0.38616296593432053,256,-1.0,2.328,0.01585546875,0.15067676938639404,0.31997265625,0.3358203125,34583,94174,0.5729306646750001,0.000672836
2025-02-01,2025-02-01,More than Restaurant Aided Awareness: Prepared Restaurant Food,-0.009429687499999999,0.29252089407106846,256,-1.0,1.752,-0.01309765625,0.15311690469797648,0.57979296875,0.5667421875,34583,94174,0.7282369170437499,0.034974486
2025-02-01,2025-02-01,More than Restaurant Consideration,0.07630078125,0.39593740760944196,256,-1.0,3.229,0.03525390625,0.14337405480952445,0.60717578125,0.6423984375,34583,94174,0.71296955595,0.007196718
2025-02-01,2025-02-01,DashPass Worth,0.2809765625,0.5855976864955338,256,-1.0,3.681,0.052515624999999996,0.13657864124781025,0.24580859375,0.29828125,34583,94174,0.7368741518967742,0.007492171
2025-02-01,2025-02-01,More than Restaurant Consideration: Baby Supplies,0.10898828125,0.48313564435107087,256,-1.0,3.127,0.01603125,0.12045937806873272,0.25490234375,0.27090625,34583,94174,0.6390390794999999,0.003077101
2025-02-01,2025-02-01,More than Restaurant Consideration: Fresh Food & Produce,0.023703125000000002,0.4413428947375206,256,-1.0,3.368,-0.01052734375,0.12507936004077885,0.33459375,0.32402734375,34583,94174,0.54880735464375,0.009153337
2025-02-01,2025-02-01,More than Restaurant Consideration: Health & Medicine,0.100984375,0.3967755820359917,256,-1.0,2.395,0.03158203125,0.13969920455854146,0.275296875,0.3068984375,34583,94174,0.6243180238742138,0.006901436
2025-02-01,2025-02-01,More than Restaurant Consideration: Household Essentials,0.07675390625,0.4107243792021067,256,-1.0,2.73,0.01516796875,0.1497644919478808,0.28263671875,0.297875,34583,94174,0.62889585093125,0.00803937
2025-02-01,2025-02-01,More than Restaurant Consideration: Packaged Food & Non-Alcoholic Beverages,0.10669921875,0.8125400981715557,256,-1.0,10.616,0.01008203125,0.16322068877591864,0.36040625,0.37055859375,34583,94174,0.6937764592,0.006712348
2025-02-01,2025-02-01,More than Restaurant Consideration: Personal Care & Beauty,0.06034765625,0.4102590098117776,256,-1.0,3.177,0.0026796874999999998,0.10554585908550862,0.273921875,0.27661328125,34583,94174,0.6278828884746835,0.009634035
2025-02-01,2025-02-01,More than Restaurant Consideration: Pet Supplies,0.148765625,0.5426184950104915,256,-1.0,3.873,0.01882421875,0.11311422458430603,0.26458984375,0.2834140625,34583,94174,0.6162205126898733,0.003559015
2025-02-01,2025-02-01,More than Restaurant Consideration: Prepared Restaurant Food,0.032125,0.4555796910552101,256,-1.0,3.215,-0.0045000000000000005,0.16507851964159007,0.45316796875,0.4486953125,34583,94174,0.71257909009375,0.032502721
2025-02-01,2025-02-01,Unaided Brand Awareness (Any Mention),0.0312109375,0.4525442784505548,256,-1.0,3.845,-0.010062499999999999,0.13807930372668842,0.37984765625,0.36981640625,34583,94174,0.63328273999375,0.003688124
2025-02-01,2025-02-01,Unaided Brand Awareness (Any Mention) - Amazon,0.25030078125,0.7278590949607173,256,-1.0,4.927,0.025140625,0.16321705670069903,0.226375,0.2515,34583,94174,0.5678538057924528,0.003929291
2025-02-01,2025-02-01,Unaided Brand Awareness (Any Mention) - GrubHub,0.02515625,0.6668419918967783,256,-1.0,7.142,-0.011980468749999999,0.08757354113675196,0.11370703125,0.10178515625,34583,94174,0.5895287716064517,0.024192903
2025-02-01,2025-02-01,Unaided Brand Awareness (Any Mention) - Instacart,-0.07755859375,0.45614382458844227,256,-1.0,3.541,-0.03178515625,0.11336474507472699,0.22958984375,0.19777734375,34583,94174,0.5995927215911949,0.000408065
2025-02-01,2025-02-01,Unaided Brand Awareness (Any Mention) - Uber Eats,0.1401171875,0.5327498934381248,256,-1.0,3.912,0.0168671875,0.12493765479543914,0.34650390625,0.3633984375,34583,94174,0.7062406690249999,0.007659259
2025-02-01,2025-02-01,Unaided Brand Awareness (First Mention),0.13473046875,0.7406071446821787,256,-1.0,7.597,0.0038593750000000004,0.11592094901944443,0.20334765625,0.2072109375,34583,94174,0.5117547308037974,0.007675823
2025-02-01,2025-02-01,More than Restaurant Consideration: Flowers,0.12184375,0.3993526023207965,256,-1.0,1.573,0.0198359375,0.1219864844550653,0.259140625,0.2789375,34583,94174,0.70538183531875,0.026021071
2025-02-01,2025-02-01,DashPass Benefits: Saves subscription members more money than non-members who use the delivery service,0.038855468750000004,0.2805233040708708,256,-1.0,2.822,0.02237890625,0.11705192824661197,0.57102734375,0.593390625,34583,94174,0.7001466637225806,0.009647733
2025-02-01,2025-02-01,More than Restaurant Consideration: Alcoholic Beverages,0.1178671875,0.5829357866105618,256,-1.0,4.245,0.01422265625,0.15399167673705363,0.306546875,0.320796875,34583,94174,0.56211575853125,0.013059476
2025-02-01,2025-02-01,"DashPass Benefits: Provides more value than other non-delivery subscription services (e.g. TV streaming, audio streaming, fitness, fashion, etc)",0.0558515625,0.43005416147442455,256,-1.0,3.867,0.01608203125,0.1414257551681357,0.51126171875,0.52732421875,34583,94174,0.7017366288789809,0.003929391
2025-02-01,2025-02-01,DashPass Benefits: Save more than other delivery subscription services,0.11753125,0.43647052210506326,256,-1.0,3.368,0.05816796875,0.1624681902783694,0.51636328125,0.5744296875,34583,94174,0.8088612667624203,9.35967e-05
2025-02-01,2025-02-01,Aided Awareness,0.009382812499999999,0.13199522398333877,256,-1.0,1.059,0.014046875,0.11799746486974318,0.87832421875,0.89238671875,34583,94174,0.7240068070776698,0.020167255
2025-02-01,2025-02-01,BA MDS: Is different,-0.004128906250000001,0.2839105130079654,256,-1.0,2.173,0.00085546875,0.1445175021945914,0.6346015625,0.6354296875,34583,94174,0.6481251690955414,0.000664048
2025-02-01,2025-02-01,BA MDS: Meets needs,0.04534765625,0.3375997982214905,256,-1.0,3.0,0.0273046875,0.155956658564135,0.61840625,0.64571484375,34583,94174,0.6849870607974683,0.017951586
2025-02-01,2025-02-01,BA MDS: Sets trends,0.0816171875,0.2440160592945216,256,-1.0,1.205,0.057625,0.1420004142496029,0.622625,0.68029296875,34583,94174,0.7485380790875,0.007106598
2025-02-01,2025-02-01,BA: Has my favorite brands or stores,0.02401171875,0.25820617210499197,256,-1.0,3.0,0.022226562499999998,0.13404220668886202,0.67327734375,0.69548828125,34583,94174,0.6147882971974522,0.006570521
2025-02-01,2025-02-01,BA: Is a brand I trust,0.0220234375,0.2684899666535557,256,-1.0,3.0,0.01181640625,0.13589676547671875,0.6866328125,0.69846875,34583,94174,0.6153641066089743,0.018592017
2025-02-01,2025-02-01,BA: Is an essential part of my life,0.0425390625,0.25931573312957584,256,-1.0,1.261,0.0309609375,0.14256922101864325,0.5654375,0.59640234375,34583,94174,0.683456762875,0.003629189
2025-02-01,2025-02-01,BA: Makes my life easier,0.03644921875,0.2672146771524007,256,-1.0,2.517,0.02546875,0.14526232862530833,0.6843046875,0.70979296875,34583,94174,0.6398319034871794,0.002619251
2025-02-01,2025-02-01,Brand Familiarity,0.017343749999999998,0.27221624730004196,256,-1.0,3.0,0.00396484375,0.13108974150488906,0.76101171875,0.7649375,34583,94174,0.5800290920921052,0.027319258
2025-02-01,2025-02-01,Brand Favorability,0.0667265625,0.28251014112892703,256,-1.0,3.0,0.0419140625,0.1253364117692703,0.70351171875,0.74546484375,34583,94174,0.6849660506369427,0.028243574
2025-02-01,2025-02-01,Consideration (Top 2 Box),0.03128125,0.3424679160584416,256,-1.0,2.517,0.0109375,0.14644017717210017,0.67298046875,0.6839296875,34583,94174,0.5884927869044586,0.040908645
2025-02-01,2025-02-01,DashPass Actions – Saw a Deal,0.0,0.0,256,0.0,0.0,0.0,0.0,0.0,0.0,0,0,,
2025-02-01,2025-02-01,DashPass Actions – Talked to others,0.0,0.0,256,0.0,0.0,0.0,0.0,0.0,0.0,0,0,,
2025-02-01,2025-02-01,BA: Offers a wide selection of brands or stores across a variety of categories,0.0548125,0.20912963425007142,256,-1.0,1.059,0.039953125,0.133510070671048,0.68806640625,0.728,34583,94174,0.6301082498050314,0.01448365
2025-02-01,2025-02-01,DashPass Benefits: Consistently adds valuable perks and benefits for members,0.026972656249999998,0.3454648746856098,256,-1.0,2.517,0.00927734375,0.13212963492668042,0.568390625,0.5776640625,34583,94174,0.6980659455677419,0.014301063
2025-02-01,2025-02-01,DashPass Benefits: Makes members' lives better,0.1476328125,0.3998552654049446,256,-1.0,3.368,0.06841015625,0.1430453367538918,0.547171875,0.6155859375,34583,94174,0.6908176489363057,0.002694832
2025-02-01,2025-02-01,DashPass Aided Awareness,-0.00768359375,0.16503097001203362,256,-1.0,1.059,-0.0049765625,0.10490596834130766,0.79067578125,0.78570703125,34583,94174,0.5315670656906475,0.00573119
2025-02-01,2025-02-01,DashPass Benefits Awareness: Reduced service fees on eligible orders,0.14380078125,0.6103543195967142,256,-1.0,7.79,0.0528046875,0.1444219612105513,0.5232578125,0.57604296875,34583,94174,0.7129039574076433,0.022910626
2025-02-01,2025-02-01,DashPass Benefits Awareness: Max [HBO] subscription included at no extra cost,0.0922578125,0.3916784745039047,256,-1.0,3.0,0.03960546875,0.14992679458549552,0.38924609375,0.42883984375,34583,94174,0.6904386115031848,0.038285546
2025-02-01,2025-02-01,DashPass Benefits Awareness: Discounted rides with Lyft,0.1674375,0.5406808815616423,256,-1.0,3.876,0.0452890625,0.1432488662566777,0.42453515625,0.46983203125,34583,94174,0.6783952088089171,0.020962804
2025-02-01,2025-02-01,DashPass Benefits Awareness: Ability to add someone in your household to your DashPass membership for free,0.19201171875,0.6313009628889262,256,-1.0,5.745,0.06052734375,0.13175121845020155,0.43921875,0.4997578125,34583,94174,0.6815254309617834,0.003847733
2025-02-01,2025-02-01,DashPass Benefits Awareness: Access to exclusive deals for DashPass members,0.1088046875,0.4313803391411679,256,-1.0,3.0,0.042886718750000004,0.15253329710223096,0.54610546875,0.589015625,34583,94174,0.7586721488152866,0.009883221
2025-02-01,2025-02-01,DashPass Benefits Awareness: $0 delivery fees + 1 Other Benefit,0.03578125,0.2909612449767689,256,-1.0,3.0,0.0198203125,0.15292807144786963,0.58175390625,0.6015859375,34583,94174,0.5944864882516556,0.004492378
2025-02-01,2025-02-01,DashPass Benefit Awareness: $0 Delivery + 1 Other Benefit (DP users),0.17955078125,0.6814287681325195,256,-1.0,7.802,0.034273437500000004,0.11343538990907351,0.2768828125,0.311171875,34583,94174,0.6320322310500001,0.010967396
2025-02-01,2025-02-01,DashPass Benefit Awareness: $0 Delivery + 1 Other Benefit (DP aware non-users),-0.026621093749999998,0.5099507175192588,256,-1.0,1.741,-0.00460546875,0.1258006694758169,0.11476171875,0.110140625,34583,94174,0.7290601755735294,0.029954462
2025-02-01,2025-02-01,DashPass Aided Awareness (DD users),0.026855468750000003,0.3473611086651942,256,-1.0,3.684,0.0021328125,0.13249170872134589,0.6952304687499999,0.697359375,34583,94174,0.5920298627432433,0.004351785
2025-02-01,2025-02-01,DashPass Aided Awareness (DD aware non-users),0.0901015625,0.8414791117591455,256,-1.0,9.011,-0.007164062499999999,0.10002029420298152,0.09545703125,0.08833984375,34583,94174,0.5703945997179487,0.002459395
2025-02-01,2025-02-01,DashPass Benefits Awareness: $0 delivery fees on eligible orders,0.02667578125,0.29476242404152925,256,-1.0,3.0,0.013890625,0.1542413049317815,0.60010546875,0.61396484375,34583,94174,0.580260169960265,0.005318614
2025-03-01,2025-03-01,More than Restaurant Aided Awareness: Household Essentials,0.07317968749999999,0.4328186494041804,256,-1.0,2.919,0.004371093750000001,0.11829669821347845,0.3462578125,0.3506328125,30979,81319,0.6228492797160493,0.012214862
2025-03-01,2025-03-01,More than Restaurant Aided Awareness: Prepared Restaurant Food,0.008519531249999998,0.3322011669204502,256,-1.0,3.0,-0.00539453125,0.17296581496482497,0.599890625,0.5945,30979,81319,0.7531792832407407,0.023211819
2025-03-01,2025-03-01,More than Restaurant Aided Awareness: Pet Supplies,0.14171875,0.6349421704406801,256,-1.0,7.282,0.0108984375,0.2209687171486799,0.3550859375,0.36597265625000003,30979,81319,0.6155605016211181,0.005364299
2025-03-01,2025-03-01,More than Restaurant Aided Awareness: Personal Care & Beauty,0.0551015625,0.45320019970997005,256,-1.0,5.596,0.0165625,0.15501070171784537,0.358828125,0.37541796875,30979,81319,0.5366154734968944,0.030729059
2025-03-01,2025-03-01,More than Restaurant Aided Awareness: Packaged Food & Non-Alcoholic Beverages,0.0248984375,0.37181322192405836,256,-1.0,3.343,-0.00761328125,0.15019825740932888,0.45837890625,0.45078125,30979,81319,0.6433044512098766,0.000957549
2025-03-01,2025-03-01,More than Restaurant Aided Awareness: Health & Medicine,0.03213671875,0.42440996742579895,256,-1.0,2.54,-0.0180859375,0.17877491719242064,0.3692265625,0.3511171875,30979,81319,0.5431656285987654,0.002077904
2025-03-01,2025-03-01,First Choice Consideration,-0.005816406250000001,0.5206806193220779,256,-1.0,4.982,-0.02102734375,0.10371425315842939,0.2186015625,0.19759375,30979,81319,0.6088299093899371,0.008184988
2025-03-01,2025-03-01,More than Restaurant Aided Awareness: Flowers,0.10652734375,0.5374904205570215,256,-1.0,5.5,0.017109375,0.1324045929169007,0.29101171875,0.308109375,30979,81319,0.6123903440125,0.00047004
2025-03-01,2025-03-01,More than Restaurant Aided Awareness: Baby Supplies,0.0694921875,0.4015363631342965,256,-1.0,2.384,0.00728125,0.12550449956780316,0.32520703125,0.3325234375,30979,81319,0.6515421304906832,0.000752402
2025-03-01,2025-03-01,More than Restaurant Aided Awareness: Alcoholic Beverages,0.00603125,0.3195020006688104,256,-1.0,1.885,-0.01420703125,0.16426064924851638,0.38051171875,0.3663359375,30979,81319,0.5980916225493826,0.005603244
2025-03-01,2025-03-01,More than Restaurant Aided Awareness,0.0048125,0.27777929594356376,256,-1.0,1.73,-0.00519921875,0.20103343629653045,0.729484375,0.72431640625,30979,81319,0.5606179456265823,0.007227982
2025-03-01,2025-03-01,More than Restaurant Consideration,0.04312109375,0.4305576650413484,256,-1.0,4.69,0.01440625,0.20008707663238556,0.64048828125,0.65487109375,30979,81319,0.6195968949068323,0.006183108
2025-03-01,2025-03-01,More than Restaurant Aided Awareness: Fresh Food & Produce,0.0515078125,0.4539029436913432,256,-1.0,4.941,0.01257421875,0.1873661256956838,0.41095312500000003,0.423546875,30979,81319,0.6126679827839506,0.009899793
2025-03-01,2025-03-01,More than Restaurant Consideration: Alcoholic Beverages,-0.010816406249999999,0.3738387949270708,256,-1.0,3.333,-0.008359375,0.15161578035594175,0.32664453125,0.318265625,30979,81319,0.67772587005,0.006288949
2025-03-01,2025-03-01,Unaided Brand Awareness (First Mention),-0.0899375,0.3455317300489034,256,-1.0,1.764,-0.04143359375,0.11284750896142554,0.263140625,0.2216953125,30979,81319,0.617796278728395,0.023966499
2025-03-01,2025-03-01,More than Restaurant Consideration: Flowers,0.123390625,0.4955887721967184,256,-1.0,3.397,0.01998828125,0.15314187917173408,0.27876953125,0.29875390625,30979,81319,0.6023113029875776,0.02299503
2025-03-01,2025-03-01,More than Restaurant Consideration: Fresh Food & Produce,0.03453515625,0.39355745866263947,256,-1.0,3.267,0.015722656249999998,0.1823069519782044,0.3546171875,0.37029296875,30979,81319,0.565951523068323,0.00093678
2025-03-01,2025-03-01,More than Restaurant Consideration: Health & Medicine,0.037546875,0.32526307565162227,256,-1.0,1.589,0.0019921874999999996,0.1765191539279275,0.314578125,0.3165703125,30979,81319,0.5481757322298136,0.009612126
2025-03-01,2025-03-01,More than Restaurant Consideration: Household Essentials,0.11975,0.42610389048939235,256,-1.0,3.099,0.02037109375,0.1103565299842813,0.30869140625,0.32909375,30979,81319,0.6019979307375001,0.000899499
2025-03-01,2025-03-01,More than Restaurant Consideration: Packaged Food & Non-Alcoholic Beverages,0.117125,0.7866241746583071,256,-1.0,11.423,0.02602734375,0.127025870587085,0.365734375,0.39178515625,30979,81319,0.6114326809074074,0.00209051
2025-03-01,2025-03-01,More than Restaurant Consideration: Personal Care & Beauty,0.27203125,0.5917838362303665,256,-1.0,4.725,0.05905859375,0.10955228174557465,0.25897265625,0.318046875,30979,81319,0.7649118028374999,0.035059211
2025-03-01,2025-03-01,More than Restaurant Consideration: Pet Supplies,0.0706640625,0.46761545752380357,256,-1.0,3.397,0.00648828125,0.10342271842134954,0.2846953125,0.29123046875,30979,81319,0.57592666144375,0.013091616
2025-03-01,2025-03-01,More than Restaurant Consideration: Prepared Restaurant Food,0.02382421875,0.273407367471366,256,-1.0,1.641,0.01975,0.19463967715131633,0.4988984375,0.518671875,30979,81319,0.685724883117284,0.015980089
2025-03-01,2025-03-01,Unaided Brand Awareness (Any Mention),-0.05434765625,0.27644242785081646,256,-1.0,1.4,-0.03275390625,0.14887159220305773,0.4377265625,0.40490625,30979,81319,0.6039598020493827,0.02020965
2025-03-01,2025-03-01,Unaided Brand Awareness (Any Mention) - Amazon,-0.08556640625,0.4413434075819576,256,-1.0,2.714,-0.05045703125,0.18010419127569893,0.2833203125,0.23282031250000002,30979,81319,0.6483861578765432,0.018069272
2025-03-01,2025-03-01,Unaided Brand Awareness (Any Mention) - GrubHub,0.054546875,0.7847061231791824,256,-1.0,8.165,-0.005097656250000001,0.1274775267944219,0.12124609375,0.11616015625000001,30979,81319,0.5404349984679487,0.0
2025-03-01,2025-03-01,Unaided Brand Awareness (Any Mention) - Instacart,0.16281640625,0.57699314017431,256,-1.0,4.568,0.02620703125,0.1333096943850458,0.20390625,0.23015625,30979,81319,0.5342619928641975,0.006325114
2025-03-01,2025-03-01,Unaided Brand Awareness (Any Mention) - Uber Eats,0.05083203125,0.32045585041939034,256,-1.0,2.095,0.01034765625,0.10984438294730199,0.378765625,0.3890546875,30979,81319,0.5269968666296296,0.008990771
2025-03-01,2025-03-01,DashPass Worth,0.10537109375,0.4051300335723437,256,-1.0,2.714,0.0296171875,0.10874497030289022,0.2581875,0.287765625,30979,81319,0.6557473772012579,0.001311819
2025-03-01,2025-03-01,More than Restaurant Consideration: Baby Supplies,0.08351953125,0.39665102903272614,256,-1.0,2.298,0.01759375,0.15501837651976463,0.26323046875,0.280828125,30979,81319,0.5795604032,0.003194614
2025-03-01,2025-03-01,DashPass Benefits: Saves subscription members more money than non-members who use the delivery service,0.1088515625,0.39603863130728184,256,-1.0,3.97,0.051976562500000004,0.22081119483000614,0.5826640625,0.6346875,30979,81319,0.7525095627826087,0.034103253
2025-03-01,2025-03-01,DashPass Benefits: Save more than other delivery subscription services,0.07265625,0.4297994778690064,256,-1.0,4.029,0.03633984375,0.22891955461402025,0.555390625,0.59171484375,30979,81319,0.7019030546149069,0.00187217
2025-03-01,2025-03-01,"DashPass Benefits: Provides more value than other non-delivery subscription services (e.g. TV streaming, audio streaming, fitness, fashion, etc)",0.07546484375,0.30388373475621766,256,-1.0,2.352,0.03865625,0.20675627168807462,0.526453125,0.56512109375,30979,81319,0.7602830441801242,0.016688387
2025-03-01,2025-03-01,Aided Awareness,-0.03047265625,0.15905739263343924,256,-1.0,0.461,-0.02054296875,0.18747399848307067,0.9275546875,0.90704296875,30979,81319,0.779383414091954,0.010304814
2025-03-01,2025-03-01,BA MDS: Is different,0.06266796875,0.29660362919615196,256,-1.0,2.333,0.032132812499999996,0.1870703494009674,0.64422265625,0.676328125,30979,81319,0.711783102863354,0.022693962
2025-03-01,2025-03-01,BA MDS: Meets needs,0.08870312500000001,0.2435345724742096,256,-1.0,2.333,0.0555234375,0.1561847555938222,0.63172265625,0.6872578125,30979,81319,0.7544176231677019,0.011151804
2025-03-01,2025-03-01,BA MDS: Sets trends,0.0821796875,0.25583652665344336,256,-1.0,2.333,0.05155078125,0.14708065467551945,0.64477734375,0.69628125,30979,81319,0.7223131774135803,0.003226748
2025-03-01,2025-03-01,BA: Has my favorite brands or stores,0.03538671875,0.17470888632285292,256,-1.0,0.869,0.02971484375,0.1369115384013578,0.68478125,0.7145,30979,81319,0.6323438435279504,0.012846043
2025-03-01,2025-03-01,BA: Is a brand I trust,0.04291015625,0.20833749894119777,256,-1.0,1.99,0.03284765625,0.1533258360306093,0.68596875,0.71883984375,30979,81319,0.587254281789809,0.000278693
2025-03-01,2025-03-01,BA: Is an essential part of my life,0.1161015625,0.28004434774412307,256,-1.0,2.235,0.06547265625,0.15404572543208414,0.5458203125,0.61130078125,30979,81319,0.7137344538385093,0.022444373
2025-03-01,2025-03-01,BA: Makes my life easier,0.004511718750000001,0.1867115418556988,256,-1.0,1.0,0.003589843750000001,0.17654096823421342,0.7306328125,0.73415625,30979,81319,0.5290069268216561,0.00305954
2025-03-01,2025-03-01,BA: Offers a wide selection of brands or stores across a variety of categories,0.015515624999999998,0.219827507578636,256,-1.0,1.018,0.00679296875,0.1849802960078504,0.7434453125,0.7501953125,30979,81319,0.5583916247924529,0.007692464
2025-03-01,2025-03-01,Brand Familiarity,0.0268515625,0.23402844103492054,256,-1.0,1.4,0.0225625,0.21645655272060094,0.78276953125,0.80531640625,30979,81319,0.6989997244195805,0.021640516
2025-03-01,2025-03-01,Brand Favorability,0.0558984375,0.2088444524781119,256,-1.0,1.667,0.0387265625,0.17126748783615026,0.722359375,0.76108203125,30979,81319,0.6500488895290323,0.006335682
2025-03-01,2025-03-01,Consideration (Top 2 Box),0.044378906249999996,0.21046807075708845,256,-1.0,1.176,0.03277734375,0.17086862639080752,0.68198046875,0.71471484375,30979,81319,0.586044178427673,0.013808434
2025-03-01,2025-03-01,DashPass Actions – Saw a Deal,0.0,0.0,256,0.0,0.0,0.0,0.0,0.0,0.0,0,0,,
2025-03-01,2025-03-01,DashPass Actions – Talked to others,0.0,0.0,256,0.0,0.0,0.0,0.0,0.0,0.0,0,0,,
2025-03-01,2025-03-01,Affinity,0.10416015625,0.5372471167400209,256,-1.0,6.897,0.0385390625,0.21585924616381796,0.5136484375,0.552203125,30979,81319,0.7185006171180125,0.008734973
2025-03-01,2025-03-01,DashPass Aided Awareness (DD aware non-users),0.14096484375,1.103519341024023,256,-1.0,13.101,0.01364453125,0.16998413596503473,0.12264453125,0.1362890625,30979,81319,0.6447303960243903,0.0
2025-03-01,2025-03-01,DashPass Benefits: Makes members' lives better,0.06142578125,0.3025343447678183,256,-1.0,1.895,0.02375,0.18970431067900403,0.61680859375,0.640515625,30979,81319,0.7113663477250001,0.0
2025-03-01,2025-03-01,DashPass Benefits: Consistently adds valuable perks and benefits for members,0.11269140625,0.27131952526237935,256,-1.0,1.902,0.0582109375,0.1972643752993807,0.5651953125,0.62341015625,30979,81319,0.7421163126149068,0.004465164
2025-03-01,2025-03-01,DashPass Benefits Awareness: Reduced service fees on eligible orders,0.07578125,0.3260089482111274,256,-1.0,3.308,0.0416328125,0.15824371231661974,0.55853125,0.6001953125,30979,81319,0.6702646864124999,0.005339193
2025-03-01,2025-03-01,DashPass Aided Awareness,0.003882812500000001,0.22125769275980467,256,-1.0,1.895,0.005359375,0.20126202740822866,0.8255,0.83087890625,30979,81319,0.5994075862015504,0.001993784
2025-03-01,2025-03-01,DashPass Benefits Awareness: Discounted rides with Lyft,0.18986328125,0.3953127935750285,256,-1.0,2.352,0.06971875,0.21923356468012126,0.42591015625,0.49565625,30979,81319,0.73455970728125,0.007831401
2025-03-01,2025-03-01,DashPass Benefits Awareness: Access to exclusive deals for DashPass members,0.10275390625,0.3057608542385393,256,-1.0,2.234,0.0579140625,0.2089387574158758,0.548703125,0.60668359375,30979,81319,0.7880303250745342,0.052784077
2025-03-01,2025-03-01,DashPass Benefits Awareness: Max [HBO] subscription included at no extra cost,0.21559375,0.5128530261883887,256,-1.0,3.8,0.0781328125,0.19095010624762787,0.38225390625,0.46034765625,30979,81319,0.76149067235,0.006059089
2025-03-01,2025-03-01,DashPass Benefits Awareness: $0 delivery fees on eligible orders,0.0777265625,0.2936305592592201,256,-1.0,1.667,0.03798828125,0.2046878921564871,0.58284375,0.62081640625,30979,81319,0.7123675120320513,0.013551249
2025-03-01,2025-03-01,DashPass Benefits Awareness: $0 delivery fees + 1 Other Benefit,0.087671875,0.2887167988721481,256,-1.0,1.667,0.04359375,0.20070905437922804,0.55933203125,0.6028828125,30979,81319,0.7532463632884616,0.011553443
2025-03-01,2025-03-01,DashPass Benefit Awareness: $0 Delivery + 1 Other Benefit (DP users),0.2147109375,0.4719440420858114,256,-1.0,3.267,0.04877734375,0.10118409370061435,0.2850703125,0.33382421875,30979,81319,0.7225978227808219,0.01808706
2025-03-01,2025-03-01,DashPass Benefit Awareness: $0 Delivery + 1 Other Benefit (DP aware non-users),0.16598046875,0.7125645231254742,256,-1.0,4.775,0.0093359375,0.13242654063372525,0.109984375,0.11935546875,30979,81319,0.5865040438296296,0.001689836
2025-03-01,2025-03-01,DashPass Aided Awareness (DD users),-0.004832031249999999,0.25216715415898666,256,-1.0,1.895,-0.0082890625,0.185515631278147,0.70283984375,0.6945859375,30979,81319,0.5373723341428571,0.008816245
2025-03-01,2025-03-01,DashPass Benefits Awareness: Ability to add someone in your household to your DashPass membership for free,0.1671875,0.40908242134193507,256,-1.0,2.976,0.06393750000000001,0.19783462097141125,0.460421875,0.52426953125,30979,81319,0.8195996245714285,0.03508089
2025-04-01,2025-04-01,More than Restaurant Aided Awareness: Pet Supplies,0.0954921875,0.8157765360694503,256,-1.0,11.914,0.01110546875,0.1299795482003521,0.34251953125,0.353640625,88987,184254,0.6169620411250001,0.000818426
2025-04-01,2025-04-01,More than Restaurant Aided Awareness: Personal Care & Beauty,-0.005269531249999997,0.45046512956095464,256,-1.0,4.932,-0.0202265625,0.12410142688306114,0.37513671875,0.35493359375,88987,184254,0.6472049633695652,0.000348292
2025-04-01,2025-04-01,More than Restaurant Aided Awareness: Packaged Food & Non-Alcoholic Beverages,0.0226640625,0.3114274857174526,256,-1.0,3.085,-0.00313671875,0.124485454144269,0.47269140625,0.46953125,88987,184254,0.6755219415380435,0.004502084
2025-04-01,2025-04-01,More than Restaurant Aided Awareness: Household Essentials,0.09143359375,0.5751758976347805,256,-1.0,7.609,0.015503906250000001,0.14077480272662643,0.38229296875,0.39781640625,88987,184254,0.6909248841630434,0.003317008
2025-04-01,2025-04-01,More than Restaurant Aided Awareness: Health & Medicine,0.054421875,0.2981775654525599,256,-1.0,1.58,0.007953125,0.14003592588766528,0.36188671875,0.369828125,88987,184254,0.5842026434836957,0.000873104
2025-04-01,2025-04-01,DashPass Worth,0.22813671875,0.548406276386202,256,-1.0,4.162,0.04406640625,0.0850375204638644,0.2363046875,0.28037890625,88987,184254,0.6564846972881356,0.000238209
2025-04-01,2025-04-01,More than Restaurant Aided Awareness: Flowers,0.025421875,0.2824575653536123,256,-1.0,1.562,-0.0025429687500000005,0.1073460873072306,0.349765625,0.347234375,88987,184254,0.5561633178478261,0.005583364
2025-04-01,2025-04-01,More than Restaurant Aided Awareness: Baby Supplies,0.08085546875,0.6670166698459106,256,-1.0,7.609,0.003871093749999999,0.12476441715730874,0.3520625,0.3559140625,88987,184254,0.6352292810163044,0.004662004
2025-04-01,2025-04-01,More than Restaurant Aided Awareness: Alcoholic Beverages,0.08801171875,0.26072552591208326,256,-0.667,2.176,0.0324609375,0.1158734537832832,0.3763671875,0.408796875,88987,184254,0.6861438995,0.011847519
2025-04-01,2025-04-01,More than Restaurant Aided Awareness,0.012363281249999998,0.16732768385327332,256,-1.0,1.017,0.007074218750000001,0.1185047627047157,0.73127734375,0.738359375,88987,184254,0.5934852486153847,0.008450285
2025-04-01,2025-04-01,First Choice Consideration,0.03733203125,0.5301453103699311,256,-1.0,6.143,-0.004812500000000001,0.10100997815203462,0.21037109375000002,0.2055625,88987,184254,0.5679013372320442,0.000384435
2025-04-01,2025-04-01,More than Restaurant Aided Awareness: Prepared Restaurant Food,0.00317578125,0.3025138148836607,256,-1.0,2.026,-0.015125,0.1572828599664175,0.61056640625,0.59545703125,88987,184254,0.7432966811576087,0.009008631
2025-04-01,2025-04-01,More than Restaurant Aided Awareness: Fresh Food & Produce,0.0963828125,0.6398698289323705,256,-1.0,9.044,0.0160546875,0.13724663979421842,0.4132890625,0.42934765625,88987,184254,0.6353742869565217,0.001412588
2025-04-01,2025-04-01,More than Restaurant Consideration,0.044140625,0.1505778274110871,256,-0.8,0.89,0.0276875,0.12088738885555322,0.6358671875,0.66354296875,88987,184254,0.6588281259565217,0.00282923
2025-04-01,2025-04-01,More than Restaurant Consideration: Packaged Food & Non-Alcoholic Beverages,0.11865234375,0.43244660129879325,256,-1.0,5.479,0.0297109375,0.11122354471742842,0.3653515625,0.39508203125,88987,184254,0.6267994482349727,0.000117439
2025-04-01,2025-04-01,More than Restaurant Consideration: Baby Supplies,0.0751875,0.4582781114683314,256,-1.0,3.745,0.00858203125,0.11420769311239032,0.28636328125,0.29491796875,88987,184254,0.5591824166521739,0.00557763
2025-04-01,2025-04-01,More than Restaurant Consideration: Flowers,0.17136328125,1.3041471245266583,256,-1.0,18.694,0.0081171875,0.1327917798716117,0.28976953125,0.29787890625,88987,184254,0.6422199696195652,0.002788786
2025-04-01,2025-04-01,More than Restaurant Consideration: Fresh Food & Produce,0.1523046875,0.7464909971073027,256,-1.0,8.113,0.02065625,0.12846966148304675,0.34311328125,0.3637734375,88987,184254,0.6356280340652174,0.01103025
2025-04-01,2025-04-01,More than Restaurant Consideration: Health & Medicine,0.091265625,0.6924318383316111,256,-1.0,9.044,0.004363281250000001,0.13162983175264792,0.29774609375,0.3021015625,88987,184254,0.6046375729673913,0.005586758
2025-04-01,2025-04-01,More than Restaurant Consideration: Household Essentials,0.08197265625,0.6537921922307853,256,-1.0,8.304,0.0047890625,0.12720295053574815,0.3267734375,0.33161328125,88987,184254,0.6635676638306011,0.001672296
2025-04-01,2025-04-01,More than Restaurant Consideration: Personal Care & Beauty,0.0794921875,0.42499108172592115,256,-1.0,3.745,0.00575,0.1254500291108837,0.31268359375,0.3184140625,88987,184254,0.5952760067554348,0.012632144
2025-04-01,2025-04-01,More than Restaurant Consideration: Pet Supplies,0.102390625,0.6907516591777849,256,-1.0,6.789,0.0063203125,0.1223058803578063,0.308,0.31433203125,88987,184254,0.6025372687595628,0.000770164
2025-04-01,2025-04-01,More than Restaurant Consideration: Prepared Restaurant Food,-0.0034218750000000013,0.3148379753703388,256,-1.0,2.606,-0.01353515625,0.15531677539781555,0.51434375,0.50080859375,88987,184254,0.7679944956630436,0.014768893
2025-04-01,2025-04-01,Unaided Brand Awareness (Any Mention),0.0960078125,0.7004711075324559,256,-1.0,10.16,0.012812500000000001,0.11631696047489228,0.4025546875,0.41533593750000003,88987,184254,0.6234776025380435,0.007485715
2025-04-01,2025-04-01,Unaided Brand Awareness (Any Mention) - Amazon,-0.030507812499999995,0.5501672614987193,256,-1.0,7.312,-0.02083203125,0.11705543813692074,0.2770859375,0.2562421875,88987,184254,0.570653058951087,0.017734885
2025-04-01,2025-04-01,Unaided Brand Awareness (Any Mention) - GrubHub,0.11602734375,0.7467551054292704,256,-1.0,5.69,-0.00941796875,0.08768263354209573,0.1223984375,0.112953125,88987,184254,0.6578615130628571,0.009235661
2025-04-01,2025-04-01,Unaided Brand Awareness (Any Mention) - Instacart,0.20162109375,0.614163535244398,256,-1.0,4.739,0.03074609375,0.09901567505324599,0.2033125,0.23407421875,88987,184254,0.6181777536793478,0.022259831
2025-04-01,2025-04-01,DashPass Benefits: Saves subscription members more money than non-members who use the delivery service,0.06546484375,0.21424039716822546,256,-1.0,1.585,0.03941015625,0.12961024429364307,0.56435546875,0.60376953125,88987,184254,0.7302406266906076,0.011216603
2025-04-01,2025-04-01,More than Restaurant Consideration: Alcoholic Beverages,0.21934765625,0.3867431942116048,256,-1.0,2.931,0.05721875,0.08919798973378838,0.30418359375,0.36143359375,88987,184254,0.719420918409836,0.003005163
2025-04-01,2025-04-01,DashPass Benefits: Save more than other delivery subscription services,0.05311328125,0.22088676643842334,256,-1.0,1.154,0.0333203125,0.10831323012946496,0.532671875,0.5659609375,88987,184254,0.668095613801105,0.004992412
2025-04-01,2025-04-01,DashPass Aided Awareness,0.015625,0.37825782264502705,256,-1.0,5.479,0.0014999999999999994,0.14076329735535803,0.80430078125,0.80580859375,88987,184254,0.5672701333518518,0.003688497
2025-04-01,2025-04-01,DashPass Benefits: Makes members' lives better,0.09636328125,0.22554145060401584,256,-1.0,1.743,0.060796875,0.12488924406975056,0.5509140625,0.61170703125,88987,184254,0.7987985470165746,0.015049085
2025-04-01,2025-04-01,Affinity,0.13969921875,0.358172265705981,256,-1.0,3.129,0.06433203125,0.13002785187833082,0.49046875,0.5548125,88987,184254,0.73584565375,0.018013072
2025-04-01,2025-04-01,Aided Awareness,-0.01894921875,0.08417084260291859,256,-0.6,0.485,-0.013476562499999999,0.09787386559330573,0.92373046875,0.91023828125,88987,184254,0.6002193089495798,0.012618383
2025-04-01,2025-04-01,BA MDS: Is different,0.09456640625,0.40594650894167866,256,-1.0,5.574,0.0473046875,0.14155924740885273,0.59910546875,0.64642578125,88987,184254,0.7591126848967391,0.010713011
2025-04-01,2025-04-01,BA MDS: Meets needs,0.050796875,0.19584340921096263,256,-1.0,1.923,0.033015625,0.12452132564029213,0.63712109375,0.67007421875,88987,184254,0.6475665975245901,0.006674296
2025-04-01,2025-04-01,BA MDS: Sets trends,0.0622265625,0.36991474830987314,256,-1.0,5.479,0.0311328125,0.12010621907417664,0.6573203125,0.68844921875,88987,184254,0.6670657961803278,0.002549952
2025-04-01,2025-04-01,BA: Has my favorite brands or stores,0.0413203125,0.1584388511273944,256,-1.0,0.564,0.03493359375,0.13490339130163245,0.67746484375,0.71245703125,88987,184254,0.7300081247540984,0.013555723
2025-04-01,2025-04-01,BA: Is a brand I trust,0.0472109375,0.28428947280982847,256,-1.0,3.25,0.0321953125,0.1252078465619718,0.68170703125,0.71391796875,88987,184254,0.6685361676338798,0.00858691
2025-04-01,2025-04-01,BA: Is an essential part of my life,0.12138671875,0.425294715415289,256,-1.0,5.479,0.055457031250000004,0.12413442314358732,0.54742578125,0.60290625,88987,184254,0.7398778399076086,0.011839108
2025-04-01,2025-04-01,BA: Makes my life easier,0.07368359375,0.18190376006519993,256,-1.0,1.667,0.06175,0.13580464631515488,0.6744765625,0.73617578125,88987,184254,0.7678792333661202,0.003608085
2025-04-01,2025-04-01,BA: Offers a wide selection of brands or stores across a variety of categories,0.07055078125,0.19108231815924973,256,-0.439,1.647,0.0503828125,0.1182308556716187,0.7013359375,0.7517109375,88987,184254,0.643105750010929,0.014094105
2025-04-01,2025-04-01,Brand Familiarity,0.03869140625,0.2077929646574974,256,-1.0,1.667,0.0273515625,0.1298097606435407,0.76919921875,0.7965234375,88987,184254,0.6238186165055555,0.011914109
2025-04-01,2025-04-01,Brand Favorability,0.09059765625,0.40625792810891465,256,-1.0,5.479,0.0572109375,0.15230844104393976,0.6933359375,0.75049609375,88987,184254,0.7519458718461538,0.005735756
2025-04-01,2025-04-01,Consideration (Top 2 Box),0.086734375,0.263667660225936,256,-1.0,2.176,0.05223828125,0.148571082411077,0.67153125,0.72380078125,88987,184254,0.7331668983152173,0.004206844
2025-04-01,2025-04-01,"DashPass Benefits: Provides more value than other non-delivery subscription services (e.g. TV streaming, audio streaming, fitness, fashion, etc)",0.11212890625,0.40717110507526283,256,-1.0,5.479,0.04396484375,0.1283014325045538,0.49374609375,0.53771484375,88987,184254,0.7733881279392266,0.028909261
2025-04-01,2025-04-01,DashPass Actions – Saw a Deal,0.1687734375,0.5240591601814607,256,-1.0,3.176,0.026265625,0.14583105908590815,0.2726171875,0.2988515625,77232,158344,0.6700560554518072,0.009079461
2025-04-01,2025-04-01,Unaided Brand Awareness (Any Mention) - Uber Eats,0.07534765624999999,0.3965927236663243,256,-1.0,3.159,0.006089843749999999,0.14645889383277674,0.360015625,0.366109375,88987,184254,0.7209306650108696,0.000599946
2025-04-01,2025-04-01,DashPass Aided Awareness (DD aware non-users),0.011238281250000001,0.4107412451292999,256,-1.0,2.944,-0.006316406249999999,0.07244685330163637,0.1078125,0.10148828125,88987,184254,0.5433543331548387,0.038358393
2025-04-01,2025-04-01,DashPass Aided Awareness (DD users),0.03790625,0.4164968363695963,256,-1.0,5.479,0.007804687499999998,0.15409057985960925,0.69652734375,0.704296875,88987,184254,0.5558910752988506,0.012265179
2025-04-01,2025-04-01,DashPass Benefit Awareness: $0 Delivery + 1 Other Benefit (DP aware non-users),-0.09804296875,0.4036754206107547,256,-1.0,2.687,-0.01166796875,0.08845982310240522,0.1228828125,0.11126562499999999,88987,184254,0.6205066097300613,0.002936689
2025-04-01,2025-04-01,DashPass Benefit Awareness: $0 Delivery + 1 Other Benefit (DP users),0.14403125,0.42808269198423665,256,-1.0,3.348,0.031828125,0.10043974757115262,0.2893828125,0.32126953125,88987,184254,0.6895832141454545,0.015152597
2025-04-01,2025-04-01,DashPass Benefits Awareness: $0 delivery fees + 1 Other Benefit,0.03499609375,0.19823961532125858,256,-1.0,0.618,0.019921875,0.13361217564425845,0.58949609375,0.60940234375,88987,184254,0.6577295605314285,0.041830567
2025-04-01,2025-04-01,DashPass Benefits Awareness: $0 delivery fees on eligible orders,0.022195312499999998,0.18118496923304758,256,-1.0,0.48,0.01448828125,0.1307768037962083,0.6146171875,0.62916015625,88987,184254,0.6114513446457143,0.000571679
2025-04-01,2025-04-01,DashPass Benefits Awareness: Ability to add someone in your household to your DashPass membership for free,0.11045703125,0.4124400540035437,256,-1.0,2.712,0.0378671875,0.15721122901040105,0.44540234375,0.48324609375,88987,184254,0.6624066190662983,0.005216843
2025-04-01,2025-04-01,DashPass Benefits Awareness: Access to exclusive deals for DashPass members,0.06971875,0.33497807800675256,256,-1.0,3.379,0.0341796875,0.150189262747401,0.56190625,0.59606640625,88987,184254,0.649537083688889,0.005673883
2025-04-01,2025-04-01,DashPass Benefits Awareness: Discounted rides with Lyft,0.0659296875,0.30983965957347637,256,-1.0,1.563,0.01974609375,0.1307094442196538,0.43214453125,0.45185546875,88987,184254,0.621468919723757,0.011053758
2025-04-01,2025-04-01,DashPass Benefits Awareness: Max [HBO] subscription included at no extra cost,0.1829765625,0.6895344830899309,256,-1.0,7.054,0.0357578125,0.15717302797566515,0.38535546875,0.4211015625,88987,184254,0.7085554934088398,0.013611968
2025-04-01,2025-04-01,DashPass Benefits Awareness: Reduced service fees on eligible orders,0.06997656249999999,0.3456853145614251,256,-1.0,3.364,0.039953125,0.14533506165773913,0.54780859375,0.58776171875,88987,184254,0.6465020289777778,0.006291845
2025-04-01,2025-04-01,DashPass Benefits: Consistently adds valuable perks and benefits for members,0.069734375,0.14808153474141392,256,-0.8,0.845,0.0390078125,0.11017746797113018,0.548125,0.5871640625,88987,184254,0.7346336652541436,0.013136313
2025-04-01,2025-04-01,DashPass Actions – Talked to others,0.19049609375,0.49133720698220446,256,-1.0,4.487,0.02881640625,0.1441019025482131,0.26578515625,0.2945703125,77232,158344,0.7495845901506024,0.015338581
2025-04-01,2025-04-01,Unaided Brand Awareness (First Mention),0.15234375,0.4811420390744358,256,-1.0,4.58,0.0230625,0.1158258158090982,0.213390625,0.2364453125,88987,184254,0.6272219923224044,0.007802061
