TIME_DATE,METRIC_NAME,CHANNEL,LIFT_mean,LIFT_std,LIFT_count,DELTA_mean,EXPOSED_PERCENT_mean,CONTROL_PERCENT_mean,SIGNIFICANCE_LEVEL_mean,EXPOSED_POPULATION_sum,CONTROL_POPULATION_sum
2025-10-01,Affinity ,Other,0.02954660979,,1,0.01538736751,0.5361702128,0.5207828453,0.3371077555,470,348
2025-10-01,Aided Awareness,Other,0.02783167622,,1,0.02367888942,0.8744680851,0.8507891957,0.6718985124,470,348
2025-10-01,BA MDS: Is different,Other,-0.01867666887,,1,-0.01178372031,0.6191489362,0.6309326565,0.2691701992,470,348
2025-10-01,BA MDS: Meets needs,Other,-0.03409328403,,1,-0.02185389147,0.6191489362,0.6410028276,0.4774970837,470,348
2025-10-01,BA MDS: Sets trends,Other,0.004254067034,,1,0.002640769481,0.6234042553,0.6207634858,0.0613927088,470,348
2025-10-01,BA: Has my favorite brands or stores,Other,-0.03829099857,,1,-0.02532948394,0.6361702128,0.6614996967,0.5463926745,470,348
2025-10-01,BA: Is a brand I trust,Other,-0.01496817815,,1,-0.009860993308,0.6489361702,0.6587971635,0.2304381824,470,348
2025-10-01,BA: Is an essential part of my life,Other,0.00300054514,,1,0.001629450241,0.5446808511,0.5430514008,0.03689747653,470,348
2025-10-01,BA: Makes my life easier,Other,-0.01734591473,,1,-0.01183066723,0.670212766,0.6820434332,0.2790838459,470,348
2025-10-01,BA: Offers a wide selection of brands or stores across a variety of categories,Other,-0.0668021946,,1,-0.04630125333,0.6468085106,0.693109764,0.8350541191,470,348
2025-10-01,Brand Familiarity,Other,0.03661738982,,1,0.02592926048,0.7340425532,0.7081132927,0.587377694,470,348
2025-10-01,Brand Favorability,Other,0.07175314611,,1,0.04828897881,0.7212765957,0.6729876169,0.8640387087,470,348
2025-10-01,Consideration (Top 2 Box),Other,-0.02203994294,,1,-0.01452894632,0.6446808511,0.6592097974,0.3335072122,470,348
2025-10-01,DashPass Actions – Saw a Deal,Other,-0.08906447353,,1,-0.02641938649,0.270212766,0.2966321524,0.5938546519,470,348
2025-10-01,DashPass Actions – Talked to others,Other,-0.06673044421,,1,-0.01901643363,0.2659574468,0.2849738804,0.453395426,470,348
2025-10-01,DashPass Aided Awareness,Other,-0.01836455444,,1,-0.01381216574,0.7382978723,0.7521100381,0.3455688009,470,348
2025-10-01,DashPass Aided Awareness (DD aware non-users),Other,-0.1238685408,,1,-0.0168454228,0.1191489362,0.135994359,0.5266339147,470,348
2025-10-01,DashPass Aided Awareness (DD users),Other,0.004923194076,,1,0.003033257061,0.6191489362,0.6161156791,0.07033673124,470,348
2025-10-01,DashPass Benefit Awareness: $0 Delivery + 1 Other Benefit (DP aware non-users),Other,0.1611804536,,1,0.01506208088,0.1085106383,0.09344855742,0.5181947386,470,348
2025-10-01,DashPass Benefit Awareness: $0 Delivery + 1 Other Benefit (DP users),Other,-0.05486623736,,1,-0.01692133446,0.2914893617,0.3084106962,0.3988751486,470,348
2025-10-01,DashPass Benefits Awareness: $0 delivery fees + 1 Other Benefit,Other,-0.01633958869,,1,-0.009047696715,0.5446808511,0.5537285478,0.2028866496,470,348
2025-10-01,DashPass Benefits Awareness: $0 delivery fees on eligible orders,Other,-0.009563805568,,1,-0.005382792876,0.5574468085,0.5628296014,0.121857925,470,348
2025-10-01,DashPass Benefits Awareness: Ability to add someone in your household to your DashPass membership for free,Other,-0.08345290505,,1,-0.03952018634,0.4340425532,0.4735627395,0.7385875419,470,348
2025-10-01,DashPass Benefits Awareness: Access to exclusive deals for DashPass members,Other,-0.05397435019,,1,-0.03083332563,0.5404255319,0.5712588575,0.6195181932,470,348
2025-10-01,DashPass Benefits Awareness: Discounted rides with Lyft,Other,-0.163872789,,1,-0.07631110104,0.3893617021,0.4656728032,0.9710770768,470,348
2025-10-01,DashPass Benefits Awareness: Max [HBO] subscription included at no extra cost,Other,-0.05410092417,,1,-0.0222696358,0.3893617021,0.4116313379,0.4798332872,470,348
2025-10-01,DashPass Benefits Awareness: Reduced service fees on eligible orders,Other,-0.08304507933,,1,-0.04798079152,0.529787234,0.5777680256,0.8273561853,470,348
2025-10-01,DashPass Benefits: Consistently adds valuable perks and benefits for members,Other,-0.05713888945,,1,-0.02939822173,0.485106383,0.5145046047,0.5942475566,470,348
2025-10-01,DashPass Benefits: Makes members' lives better,Other,-0.02734349497,,1,-0.01543179255,0.5489361702,0.5643679628,0.3394310557,470,348
2025-10-01,"DashPass Benefits: Provides more value than other non-delivery subscription services (e.g. TV streaming, audio streaming, fitness, fashion, etc)",Other,-0.08237012148,,1,-0.04125323908,0.4595744681,0.5008277072,0.7571334766,470,348
2025-10-01,DashPass Benefits: Save more than other delivery subscription services,Other,-0.01861394088,,1,-0.009443140365,0.4978723404,0.5073154808,0.2105740031,470,348
2025-10-01,DashPass Benefits: Saves subscription members more money than non-members who use the delivery service,Other,-0.05676949415,,1,-0.03162978804,0.5255319149,0.5571617029,0.6303991131,470,348
2025-10-01,DashPass Worth,Other,-0.226022726,,1,-0.06461887326,0.2212765957,0.285895469,0.9654229026,470,348
2025-10-01,First Choice Consideration,Other,-0.09844888718,,1,-0.02137521182,0.1957446809,0.2171198927,0.5460863613,470,348
2025-10-01,More than Restaurant Aided Awareness,Other,0.04383467983,,1,0.02877028281,0.685106383,0.6563361002,0.6141098254,470,348
2025-10-01,More than Restaurant Aided Awareness: Alcoholic Beverages,Other,-0.05610559911,,1,-0.0194762642,0.3276595745,0.3471358387,0.4401541338,470,348
2025-10-01,More than Restaurant Aided Awareness: Baby Supplies,Other,0.1717947182,,1,0.04616598741,0.314893617,0.2687276296,0.8475757301,470,348
2025-10-01,More than Restaurant Aided Awareness: Flowers,Other,-0.1075607851,,1,-0.03538804302,0.2936170213,0.3290050643,0.7212841624,470,348
2025-10-01,More than Restaurant Aided Awareness: Fresh Food & Produce,Other,0.1529798172,,1,0.05335515413,0.4021276596,0.3487725054,0.8799838429,470,348
2025-10-01,More than Restaurant Aided Awareness: Health & Medicine,Other,0.09458484407,,1,0.02941671998,0.3404255319,0.3110088119,0.6244025133,470,348
2025-10-01,More than Restaurant Aided Awareness: Household Essentials,Other,0.03362301931,,1,0.0111430109,0.3425531915,0.3314101806,0.2609714507,470,348
2025-10-01,More than Restaurant Aided Awareness: Packaged Food & Non-Alcoholic Beverages,Other,-0.02626665065,,1,-0.01090486759,0.4042553191,0.4151601867,0.2462074897,470,348
2025-10-01,More than Restaurant Aided Awareness: Personal Care & Beauty,Other,-0.1504438156,,1,-0.05199522505,0.2936170213,0.3456122463,0.8862790517,470,348
2025-10-01,More than Restaurant Aided Awareness: Pet Supplies,Other,-0.05338808668,,1,-0.01631974774,0.2893617021,0.3056814499,0.3866964956,470,348
2025-10-01,More than Restaurant Aided Awareness: Prepared Restaurant Food,Other,0.04263601102,,1,0.02175133894,0.5319148936,0.5101635547,0.4619493392,470,348
2025-10-01,More than Restaurant Consideration,Other,-0.05898375394,,1,-0.03734181829,0.5957446809,0.6330864991,0.7213534468,470,348
2025-10-01,More than Restaurant Consideration: Alcoholic Beverages,Other,-0.1792478946,,1,-0.05994237001,0.2744680851,0.3344104551,0.9356122015,470,348
2025-10-01,More than Restaurant Consideration: Baby Supplies,Other,-0.05222164377,,1,-0.01324720743,0.2404255319,0.2536727393,0.3363632604,470,348
2025-10-01,More than Restaurant Consideration: Flowers,Other,-0.0007719883732,,1,-0.0001873929089,0.2425531915,0.2427405844,0.004931915089,470,348
2025-10-01,More than Restaurant Consideration: Fresh Food & Produce,Other,-0.04656153957,,1,-0.01506623751,0.3085106383,0.3235768758,0.3535181215,470,348
2025-10-01,More than Restaurant Consideration: Health & Medicine,Other,0.02204795922,,1,0.005461931196,0.2531914894,0.2477295582,0.1413986131,470,348
2025-10-01,More than Restaurant Consideration: Household Essentials,Other,-0.005590295713,,1,-0.001542983493,0.2744680851,0.2760110686,0.03896596633,470,348
2025-10-01,More than Restaurant Consideration: Packaged Food & Non-Alcoholic Beverages,Other,0.05210986126,,1,0.01823085643,0.3680851064,0.34985425,0.4086953716,470,348
2025-10-01,More than Restaurant Consideration: Personal Care & Beauty,Other,0.007981841465,,1,0.002122868419,0.2680851064,0.265962238,0.05408560294,470,348
2025-10-01,More than Restaurant Consideration: Pet Supplies,Other,0.01494101097,,1,0.00378989079,0.2574468085,0.2536569177,0.09774956582,470,348
2025-10-01,More than Restaurant Consideration: Prepared Restaurant Food,Other,0.007216268197,,1,0.003384114513,0.4723404255,0.468956311,0.07637306375,470,348
2025-10-01,Unaided Brand Awareness (Any Mention),Other,0.03052004832,,1,0.01172043843,0.3957446809,0.3840242424,0.2658892955,470,348
2025-10-01,Unaided Brand Awareness (Any Mention) - Amazon,Other,-0.05955786358,,1,-0.01212695267,0.1914893617,0.2036163144,0.3338410672,470,348
2025-10-01,Unaided Brand Awareness (Any Mention) - GrubHub,Other,0.3059719486,,1,0.02193322946,0.09361702128,0.07168379181,0.7357169021,470,348
2025-10-01,Unaided Brand Awareness (Any Mention) - Instacart,Other,0.100801463,,1,0.01811936309,0.1978723404,0.1797529773,0.4861645584,470,348
2025-10-01,Unaided Brand Awareness (Any Mention) - Uber Eats,Other,0.05289714844,,1,0.0161408128,0.3212765957,0.3051357829,0.3769860671,470,348
2025-10-01,Unaided Brand Awareness (First Mention),Other,0.01073700698,,1,0.002599232033,0.2446808511,0.242081619,0.06823521162,470,348
