CHANNEL,METRIC_NAME,LIFT_mean,LIFT_std,LIFT_count,DELTA_mean,DELTA_std,EXPOSED_PERCENT_mean,CONTROL_PERCENT_mean,SIGNIFICANCE_LEVEL_mean
Digital,Affinity ,0.0,0.0,2,0.5864946889,0.0,0.5864946889,0.0,0.0
Digital,Aided Awareness,0.0,0.0,2,0.9097116844,0.0,0.9097116844,0.0,0.0
Digital,BA MDS: Is different,0.0,0.0,2,0.6934749621,0.0,0.6934749621,0.0,0.0
Digital,BA MDS: Meets needs,0.0,0.0,2,0.7003034901,0.0,0.7003034901,0.0,0.0
Digital,BA MDS: Sets trends,0.0,0.0,2,0.7268588771,0.0,0.7268588771,0.0,0.0
Digital,BA: Has my favorite brands or stores,0.0,0.0,2,0.7094081942,0.0,0.7094081942,0.0,0.0
Digital,BA: Is a brand I trust,0.0,0.0,2,0.7276176024,0.0,0.7276176024,0.0,0.0
Digital,BA: Is an essential part of my life,0.0,0.0,2,0.6373292868,0.0,0.6373292868,0.0,0.0
Digital,BA: Makes my life easier,0.0,0.0,2,0.751138088,0.0,0.751138088,0.0,0.0
Digital,BA: Offers a wide selection of brands or stores across a variety of categories,0.0,0.0,2,0.7496206373,0.0,0.7496206373,0.0,0.0
Digital,Brand Familiarity,0.0,0.0,2,0.7852807284,0.0,0.7852807284,0.0,0.0
Digital,Brand Favorability,0.0,0.0,2,0.7617602428,0.0,0.7617602428,0.0,0.0
Digital,Consideration (Top 2 Box),0.0,0.0,2,0.7230652504,0.0,0.7230652504,0.0,0.0
Digital,DashPass Actions – Saw a Deal,0.0,0.0,2,0.3309545049,0.0,0.3309545049,0.0,0.0
Digital,DashPass Actions – Talked to others,0.0,0.0,2,0.2961641392,0.0,0.2961641392,0.0,0.0
Digital,DashPass Aided Awareness,0.0,0.0,2,0.8171471927,0.0,0.8171471927,0.0,0.0
Digital,DashPass Aided Awareness (DD aware non-users),0.0,0.0,2,0.1282245827,0.0,0.1282245827,0.0,0.0
Digital,DashPass Aided Awareness (DD users),0.0,0.0,2,0.68892261,0.0,0.68892261,0.0,0.0
Digital,DashPass Benefit Awareness: $0 Delivery + 1 Other Benefit (DP aware non-users),0.0,0.0,2,0.09104704097,0.0,0.09104704097,0.0,0.0
Digital,DashPass Benefit Awareness: $0 Delivery + 1 Other Benefit (DP users),0.0,0.0,2,0.3672230653,0.0,0.3672230653,0.0,0.0
Digital,DashPass Benefits Awareness: $0 delivery fees + 1 Other Benefit,0.0,0.0,2,0.6206373293,0.0,0.6206373293,0.0,0.0
Digital,DashPass Benefits Awareness: $0 delivery fees on eligible orders,0.0,0.0,2,0.6350531108,0.0,0.6350531108,0.0,0.0
Digital,DashPass Benefits Awareness: Ability to add someone in your household to your DashPass membership for free,0.0,0.0,2,0.5417298938,0.0,0.5417298938,0.0,0.0
Digital,DashPass Benefits Awareness: Access to exclusive deals for DashPass members,0.0,0.0,2,0.6145675266,0.0,0.6145675266,0.0,0.0
Digital,DashPass Benefits Awareness: Discounted rides with Lyft,0.0,0.0,2,0.5235204856,0.0,0.5235204856,0.0,0.0
Digital,DashPass Benefits Awareness: Max [HBO] subscription included at no extra cost,0.0,0.0,2,0.497723824,0.0,0.497723824,0.0,0.0
Digital,DashPass Benefits Awareness: Reduced service fees on eligible orders,0.0,0.0,2,0.5993930197,0.0,0.5993930197,0.0,0.0
Digital,DashPass Benefits: Consistently adds valuable perks and benefits for members,0.0,0.0,2,0.6168437026,0.0,0.6168437026,0.0,0.0
Digital,DashPass Benefits: Makes members' lives better,0.0,0.0,2,0.628983308,0.0,0.628983308,0.0,0.0
Digital,"DashPass Benefits: Provides more value than other non-delivery subscription services (e.g. TV streaming, audio streaming, fitness, fashion, etc)",0.0,0.0,2,0.5842185129,0.0,0.5842185129,0.0,0.0
Digital,DashPass Benefits: Save more than other delivery subscription services,0.0,0.0,2,0.5887708649,0.0,0.5887708649,0.0,0.0
Digital,DashPass Benefits: Saves subscription members more money than non-members who use the delivery service,0.0,0.0,2,0.6191198786,0.0,0.6191198786,0.0,0.0
Digital,DashPass Worth,0.0,0.0,2,0.3300455235,0.0,0.3300455235,0.0,0.0
Digital,First Choice Consideration,0.0,0.0,2,0.2185128983,0.0,0.2185128983,0.0,0.0
Digital,More than Restaurant Aided Awareness,0.0,0.0,2,0.7268588771,0.0,0.7268588771,0.0,0.0
Digital,More than Restaurant Aided Awareness: Alcoholic Beverages,0.0,0.0,2,0.3793626707,0.0,0.3793626707,0.0,0.0
Digital,More than Restaurant Aided Awareness: Baby Supplies,0.0,0.0,2,0.3520485584,0.0,0.3520485584,0.0,0.0
Digital,More than Restaurant Aided Awareness: Flowers,0.0,0.0,2,0.3437025797,0.0,0.3437025797,0.0,0.0
Digital,More than Restaurant Aided Awareness: Fresh Food & Produce,0.0,0.0,2,0.4097116844,0.0,0.4097116844,0.0,0.0
Digital,More than Restaurant Aided Awareness: Health & Medicine,0.0,0.0,2,0.3543247344,0.0,0.3543247344,0.0,0.0
Digital,More than Restaurant Aided Awareness: Household Essentials,0.0,0.0,2,0.3831562974,0.0,0.3831562974,0.0,0.0
Digital,More than Restaurant Aided Awareness: Packaged Food & Non-Alcoholic Beverages,0.0,0.0,2,0.43323217,0.0,0.43323217,0.0,0.0
Digital,More than Restaurant Aided Awareness: Personal Care & Beauty,0.0,0.0,2,0.3588770865,0.0,0.3588770865,0.0,0.0
Digital,More than Restaurant Aided Awareness: Pet Supplies,0.0,0.0,2,0.3520485584,0.0,0.3520485584,0.0,0.0
Digital,More than Restaurant Aided Awareness: Prepared Restaurant Food,0.0,0.0,2,0.5523520486,0.0,0.5523520486,0.0,0.0
Digital,More than Restaurant Consideration,0.0,0.0,2,0.6669195751,0.0,0.6669195751,0.0,0.0
Digital,More than Restaurant Consideration: Alcoholic Beverages,0.0,0.0,2,0.342185129,0.0,0.342185129,0.0,0.0
Digital,More than Restaurant Consideration: Baby Supplies,0.0,0.0,2,0.2959028832,0.0,0.2959028832,0.0,0.0
Digital,More than Restaurant Consideration: Flowers,0.0,0.0,2,0.315629742,0.0,0.315629742,0.0,0.0
Digital,More than Restaurant Consideration: Fresh Food & Produce,0.0,0.0,2,0.3725341426,0.0,0.3725341426,0.0,0.0
Digital,More than Restaurant Consideration: Health & Medicine,0.0,0.0,2,0.3216995448,0.0,0.3216995448,0.0,0.0
Digital,More than Restaurant Consideration: Household Essentials,0.0,0.0,2,0.3345978756,0.0,0.3345978756,0.0,0.0
Digital,More than Restaurant Consideration: Packaged Food & Non-Alcoholic Beverages,0.0,0.0,2,0.3839150228,0.0,0.3839150228,0.0,0.0
Digital,More than Restaurant Consideration: Personal Care & Beauty,0.0,0.0,2,0.3330804249,0.0,0.3330804249,0.0,0.0
Digital,More than Restaurant Consideration: Pet Supplies,0.0,0.0,2,0.3308042489,0.0,0.3308042489,0.0,0.0
Digital,More than Restaurant Consideration: Prepared Restaurant Food,0.0,0.0,2,0.466616085,0.0,0.466616085,0.0,0.0
Digital,Unaided Brand Awareness (Any Mention),0.0,0.0,2,0.4036418816,0.0,0.4036418816,0.0,0.0
Digital,Unaided Brand Awareness (Any Mention) - Amazon,0.0,0.0,2,0.2116843703,0.0,0.2116843703,0.0,0.0
Digital,Unaided Brand Awareness (Any Mention) - GrubHub,0.0,0.0,2,0.1084977238,0.0,0.1084977238,0.0,0.0
Digital,Unaided Brand Awareness (Any Mention) - Instacart,0.0,0.0,2,0.215477997,0.0,0.215477997,0.0,0.0
Digital,Unaided Brand Awareness (Any Mention) - Uber Eats,0.0,0.0,2,0.3831562974,0.0,0.3831562974,0.0,0.0
Digital,Unaided Brand Awareness (First Mention),0.0,0.0,2,0.2321699545,0.0,0.2321699545,0.0,0.0
OTT,Affinity ,0.007747739565,0.009080591874855087,4,0.29822715290949997,0.3336445647841265,0.59956442085,0.30133726795,0.1908553858
OTT,Aided Awareness,-0.0022220986914825,0.004413312444789574,4,0.454532053035545,0.5295867975084976,0.9219542402,0.46742218715,0.07494781593425
OTT,BA MDS: Is different,0.0095996600525,0.012149771002739656,4,0.3259056865145,0.36185784155249495,0.659712627375,0.33380694085,0.2389430441
OTT,BA MDS: Meets needs,-0.0050554395380000006,0.006088721396147671,4,0.32646880837425,0.38511270831003447,0.6787599348,0.352291126425,0.1535083699
OTT,BA MDS: Sets trends,0.0005930045194999999,0.0027441134128983616,4,0.335491770443,0.38626616377296674,0.69087694135,0.3553851709,0.0731384452025
OTT,BA: Has my favorite brands or stores,0.00075389021625,0.0008902991380426988,4,0.3422244032768,0.3939141071677801,0.70596300155,0.363738598275,0.026974912854999998
OTT,BA: Is a brand I trust,0.0036516482420000003,0.004216851102776355,4,0.3537236814235,0.4022337099462522,0.7218583051,0.36813462365,0.141045861325
OTT,BA: Is an essential part of my life,0.024301658338,0.04282935138107317,4,0.311146672254,0.3284360570297878,0.614009299125,0.302862626875,0.30183722895
OTT,BA: Makes my life easier,-0.0010251763857500001,0.0023096667570038,4,0.3539880039751,0.410417550732604,0.73080374875,0.376815744775,0.0244125430725
OTT,BA: Offers a wide selection of brands or stores across a variety of categories,-0.0070012283565,0.012002504170378948,4,0.35385012529375004,0.42064888275111123,0.73973562355,0.38588549827499996,0.154576970525
OTT,Brand Familiarity,0.0020566534515,0.0031514177051994966,4,0.39482812942400003,0.45196364282045554,0.8017394907,0.40691136127500005,0.131646214175
OTT,Brand Favorability,0.0118694836,0.01531704431962865,4,0.38943047281750004,0.42890577875587665,0.77528881185,0.385858339025,0.337869449075
OTT,Consideration (Top 2 Box),0.006340598002,0.013431744879466507,4,0.35227457771035,0.39703988368336535,0.712692831675,0.36041825395,0.11226887501999999
OTT,DashPass Actions – Saw a Deal,0.0377408673275,0.10574874818504647,4,0.1713050553275,0.1784438880004681,0.3282236617,0.156918606375,0.419982051725
OTT,DashPass Actions – Talked to others,-0.004414812024999999,0.04259922808492852,4,0.151755675555,0.18087946990951226,0.3118707239,0.16011504835,0.30446596722499997
OTT,DashPass Aided Awareness,-0.006642924768250001,0.00963216229715671,4,0.3989517242855,0.473447766488382,0.81979614985,0.420844425575,0.22622559679999998
OTT,DashPass Aided Awareness (DD aware non-users),-0.0850353665775,0.12663375994788698,4,0.04416466347675,0.07965594198276187,0.1089979232,0.064833259725,0.406086458325
OTT,DashPass Aided Awareness (DD users),0.009431525409500001,0.01655034545652257,4,0.35478706080625,0.3949219223243815,0.710798226675,0.35601116585000003,0.172760405725
OTT,DashPass Benefit Awareness: $0 Delivery + 1 Other Benefit (DP aware non-users),-0.09477503545,0.12813320574997722,4,0.0413242052275,0.07806729530344292,0.10479497292500001,0.0634707677,0.448274042375
OTT,DashPass Benefit Awareness: $0 Delivery + 1 Other Benefit (DP users),0.020816917679999998,0.07130233782001036,4,0.1600577450425,0.1758441045868474,0.3304617282,0.170403983175,0.3787182434
OTT,DashPass Benefits Awareness: $0 delivery fees + 1 Other Benefit,0.013124052689500001,0.032656255703499115,4,0.30878432094225,0.3403786028351669,0.617795700525,0.3090113796,0.266466743075
OTT,DashPass Benefits Awareness: $0 delivery fees on eligible orders,0.01160392785425,0.0271314982867691,4,0.317647207216,0.35161326045878716,0.6365835591,0.31893635185,0.21637262557499998
OTT,DashPass Benefits Awareness: Ability to add someone in your household to your DashPass membership for free,0.0011377469825,0.005080579339362014,4,0.24330355537099999,0.2798313397447239,0.499868650975,0.25656509562499996,0.0554223441875
OTT,DashPass Benefits Awareness: Access to exclusive deals for DashPass members,0.0121173970975,0.03228146795385896,4,0.30477623347575,0.33729959813271326,0.610847987575,0.306071754075,0.2820746729
OTT,DashPass Benefits Awareness: Discounted rides with Lyft,0.0231898818975,0.05793128203373543,4,0.2490757170205,0.26641014642320243,0.486406433375,0.23733071634999997,0.3289797914
OTT,DashPass Benefits Awareness: Max [HBO] subscription included at no extra cost,0.0759155879125,0.14396213516896475,4,0.25949750888425,0.23979723188988172,0.4687488526,0.20925134372499998,0.343422707375
OTT,DashPass Benefits Awareness: Reduced service fees on eligible orders,0.01862363628,0.0549477428180313,4,0.3027195041825,0.3296672276982584,0.600998186675,0.298278682475,0.422654087725
OTT,DashPass Benefits: Consistently adds valuable perks and benefits for members,0.0151659779915,0.03192974646794281,4,0.30496605757325,0.3331410947113099,0.6074914444,0.30252538682499996,0.187859065525
OTT,DashPass Benefits: Makes members' lives better,0.0452965100325,0.0826400386279798,4,0.32757322897600005,0.32451730518423655,0.6265681032,0.2989948742,0.38373183712500003
OTT,"DashPass Benefits: Provides more value than other non-delivery subscription services (e.g. TV streaming, audio streaming, fitness, fashion, etc)",0.02187285728,0.03134147513011537,4,0.28521367829,0.30251859634124706,0.5628158439,0.277602165625,0.33829514844999997
OTT,DashPass Benefits: Save more than other delivery subscription services,0.015100484580999999,0.02664122939626663,4,0.28872794679925,0.31470644341303317,0.5791845275,0.2904565807,0.1987276378
OTT,DashPass Benefits: Saves subscription members more money than non-members who use the delivery service,0.010979832781000001,0.0232702296154877,4,0.303411896879,0.33632692573372835,0.613325999625,0.30991410275,0.14936674625250002
OTT,DashPass Worth,0.023097887206,0.04943999108409333,4,0.1536884584615,0.163853617246397,0.305450020125,0.15176156165,0.16423410122499998
OTT,First Choice Consideration,-0.025380712567499998,0.029496878982155958,4,0.104281417105,0.13413699437089047,0.221133337775,0.116851920675,0.2696117221
OTT,More than Restaurant Aided Awareness,-0.0121253229,0.014074358015679465,4,0.3576332111375,0.43475146396759407,0.7458590533,0.38822584215,0.33822681779999997
OTT,More than Restaurant Aided Awareness: Alcoholic Beverages,-0.0217175472475,0.03159204146432177,4,0.19101918948649999,0.24237314278643118,0.411124411125,0.22010522165000002,0.278166123225
OTT,More than Restaurant Aided Awareness: Baby Supplies,-0.01306045932675,0.023622160859601265,4,0.179827155381,0.2198074636503115,0.37258034485,0.19275318947499998,0.23602128628500002
OTT,More than Restaurant Aided Awareness: Flowers,-0.01595805666,0.01906859808196816,4,0.17321335129275,0.21421562699480648,0.364559185325,0.19134583405,0.254551943025
OTT,More than Restaurant Aided Awareness: Fresh Food & Produce,-0.0012512733249999998,0.022270817496107237,4,0.22393102405,0.26074415348185453,0.452389184625,0.228458160575,0.249944140675
OTT,More than Restaurant Aided Awareness: Health & Medicine,-0.0241780398725,0.02987500690350053,4,0.18668181789,0.23880471076849832,0.39417709905,0.20749528115,0.324809765775
OTT,More than Restaurant Aided Awareness: Household Essentials,-0.0112701627125,0.01305996984290946,4,0.1893467488735,0.2295095273987243,0.3987860373,0.2094392884,0.195081365925
OTT,More than Restaurant Aided Awareness: Packaged Food & Non-Alcoholic Beverages,-0.00192946346,0.010514764383295416,4,0.23236547976849997,0.2709087180670905,0.47674464665,0.24437916687499997,0.15427506489
OTT,More than Restaurant Aided Awareness: Personal Care & Beauty,-0.02831579461,0.0385623265939059,4,0.16371202266,0.21450202081484765,0.36089850245,0.19718647977499998,0.3349484133
OTT,More than Restaurant Aided Awareness: Pet Supplies,-0.0426049244775,0.0495396138292338,4,0.16934220717499998,0.23642190214840492,0.377217280275,0.20787507312499998,0.420547779425
OTT,More than Restaurant Aided Awareness: Prepared Restaurant Food,-0.03111163508,0.04395700953475752,4,0.2601154598525,0.34560120186470117,0.576448178825,0.316332718975,0.44898187342499996
OTT,More than Restaurant Consideration,-0.005982223244,0.0076392338728438385,4,0.322139684504,0.3816366193870941,0.6659874006,0.343847716125,0.20991133317500002
OTT,More than Restaurant Consideration: Alcoholic Beverages,0.029006287865,0.08090012648755998,4,0.1918982771975,0.20335950151089927,0.371227405675,0.179329128475,0.38464816155000003
OTT,More than Restaurant Consideration: Baby Supplies,-0.040565185512500004,0.04684618923889119,4,0.131575238295,0.18283363634486088,0.296592412775,0.165017174475,0.38051367162500005
OTT,More than Restaurant Consideration: Flowers,0.054966421187499996,0.1273638589354438,4,0.18112569181475002,0.1790947516866105,0.334368942775,0.15324325095000002,0.3759625069
OTT,More than Restaurant Consideration: Fresh Food & Produce,0.0067714867335000005,0.00869526480910299,4,0.19262308060275002,0.2164789258205155,0.385584071275,0.192960990675,0.09709562505
OTT,More than Restaurant Consideration: Health & Medicine,0.0290310194325,0.09128578634625524,4,0.16987285985,0.18127495080238432,0.3304927834,0.16061992355,0.414578886
OTT,More than Restaurant Consideration: Household Essentials,-0.00714917034175,0.015667318083931795,4,0.16197648458667502,0.19330255921855782,0.3371878319,0.1752113473,0.17672011662
OTT,More than Restaurant Consideration: Packaged Food & Non-Alcoholic Beverages,0.0007007027099999999,0.017516732738998106,4,0.192968406352,0.22312904209315107,0.397581316825,0.2046129105,0.184829220225
OTT,More than Restaurant Consideration: Personal Care & Beauty,-0.050221968335,0.07882158714827527,4,0.1348666957125,0.1984715435244404,0.3156281572,0.1807614615,0.412619211875
OTT,More than Restaurant Consideration: Pet Supplies,-0.03133010721,0.036509443482995924,4,0.1456859504675,0.1935405266726113,0.321302061325,0.175616110875,0.35381998615
OTT,More than Restaurant Consideration: Prepared Restaurant Food,0.00140323357525,0.006255612339955919,4,0.25132808135375,0.2883263398665479,0.5136883142,0.26236023285,0.1049230848325
OTT,Unaided Brand Awareness (Any Mention),-0.006668286124999999,0.022035752259766745,4,0.19594057469474999,0.2344290798165855,0.4142272619,0.2182866872,0.2472238886725
OTT,Unaided Brand Awareness (Any Mention) - Amazon,0.0249792124,0.029963744463393352,4,0.1184060397305,0.12400432207481897,0.229404588475,0.11099854875000001,0.23941115275000002
OTT,Unaided Brand Awareness (Any Mention) - GrubHub,0.043059793913,0.08309145736505501,4,0.052417731241525004,0.05238113462910542,0.10422053140000001,0.051802800164999996,0.1305808423375
OTT,Unaided Brand Awareness (Any Mention) - Instacart,-0.047666343185,0.10808332330201842,4,0.09130407272624999,0.1366531115845031,0.22063912127500002,0.12933504855,0.317938880925
OTT,Unaided Brand Awareness (Any Mention) - Uber Eats,-0.02663563168,0.03773125165576291,4,0.14641332673,0.19126819037633666,0.33497658055,0.1885632538,0.303037568875
OTT,Unaided Brand Awareness (First Mention),-0.006762722686750001,0.020141631048398577,4,0.12337412352099998,0.1468746447654366,0.252725454025,0.1293513305,0.1787540926725
Other,Affinity ,0.010948943898193618,0.10206569248060612,282,0.2398394357292583,0.2861844408342372,0.48941663975638294,0.24957720403049644,0.1861224737835532
Other,Aided Awareness,-0.004325182357279077,0.06721173690280426,282,0.37266336103911457,0.45552641490296797,0.7747672896648936,0.40210392862730493,0.15054033477014186
Other,BA MDS: Is different,0.0009839663163212766,0.09507960446544919,282,0.2740093986429415,0.335061072344748,0.5655238608060283,0.2915144621606383,0.21903717772439715
Other,BA MDS: Meets needs,-0.005225982358014184,0.08808886422313024,282,0.2753125819560061,0.34316172840360226,0.5749748536074468,0.29966227165248227,0.19871978138185106
Other,BA MDS: Sets trends,0.004437289374684398,0.09197865506422494,282,0.2877035877465532,0.3481165568353892,0.5907646987780142,0.30306111103191485,0.21000078667524824
Other,BA: Has my favorite brands or stores,-0.0021223297066836886,0.09968847415764394,282,0.2855432815017209,0.35399953535915035,0.5986801889737589,0.3131369074723404,0.19242248202892906
Other,BA: Is a brand I trust,-0.0034819547326056734,0.08158938996317998,282,0.29095715752466594,0.3591290343677307,0.606742604280851,0.3157854467588653,0.20437793897056739
Other,BA: Is an essential part of my life,0.008726626182920921,0.09622637078600087,282,0.25016943416046544,0.30129568477726326,0.5165499194893617,0.26638048532659575,0.1984645339627979
Other,BA: Makes my life easier,0.0013301101733007093,0.08238075051777659,282,0.29607855197121097,0.3607289126224282,0.6169172620929079,0.3208387101219858,0.1828630899177305
Other,BA: Offers a wide selection of brands or stores across a variety of categories,-0.004209457540488439,0.09180638331027925,282,0.2981200048127874,0.3697541033829373,0.6271494535297872,0.3290294487191489,0.21363074745283686
Other,Brand Familiarity,-0.005900365549868688,0.08137000199359234,282,0.31612769472681235,0.391327718110704,0.6658923870751773,0.3497646923492908,0.1689714342300993
Other,Brand Favorability,0.005035700807037305,0.08555681687822567,282,0.315497691863741,0.37475083862618047,0.6450245862035461,0.3295268943393617,0.2276221492543759
Other,Consideration (Top 2 Box),-0.0008899750416588651,0.07432184048776129,282,0.28731421813382985,0.3476282586910512,0.5971596528684397,0.309845434735461,0.1933314269451312
Other,DashPass Actions – Saw a Deal,-0.019059533184503544,0.11604451143676699,282,0.1330426364062617,0.19375091592501914,0.27515393131843974,0.14211129491159574,0.19415400232792554
Other,DashPass Actions – Talked to others,-0.017385127248304964,0.11656050896466386,282,0.13194335235054397,0.19490537732904128,0.2720176987584752,0.1400743464076596,0.24422010523138654
Other,DashPass Aided Awareness,-0.004554085046419184,0.08261761737927426,282,0.3304402995327798,0.4090649153531742,0.690791986679078,0.36035168714751775,0.16428266778231915
Other,DashPass Aided Awareness (DD aware non-users),0.014629780918700357,0.17495863895649344,282,0.05621450477487975,0.07207950451149746,0.10548100741826241,0.0492665026458156,0.1791562306768759
Other,DashPass Aided Awareness (DD users),-0.007216987072218333,0.08769127222564244,282,0.2742257947556256,0.3453152042647231,0.5853109792588652,0.3110851845014184,0.18950547632240425
Other,DashPass Benefit Awareness: $0 Delivery + 1 Other Benefit (DP aware non-users),0.0312132216615305,0.35833859979772975,282,0.04277493480779536,0.06043307692543045,0.08538097191868795,0.04260603710992908,0.14640323555866666
Other,DashPass Benefit Awareness: $0 Delivery + 1 Other Benefit (DP users),0.009330842040779361,0.14372119914897044,282,0.1372317570812125,0.17167189011199527,0.289857137931383,0.1526253808525532,0.1725818375146539
Other,DashPass Benefits Awareness: $0 delivery fees + 1 Other Benefit,0.00494079167597695,0.10723504154919651,282,0.25136787307228614,0.3051953591076842,0.5212071216560283,0.2698392485819149,0.19741737682795743
Other,DashPass Benefits Awareness: $0 delivery fees on eligible orders,0.006893167705597872,0.11100402783550198,282,0.2577401173651532,0.3119222692017451,0.5338998731205674,0.2761597557528369,0.2082113525847163
Other,DashPass Benefits Awareness: Ability to add someone in your household to your DashPass membership for free,0.01103987438473156,0.17133498438766012,282,0.20784732725358865,0.2577385386695869,0.4337480797106383,0.22590075245744679,0.19854178430503547
Other,DashPass Benefits Awareness: Access to exclusive deals for DashPass members,-0.004624372479786171,0.10282388967094375,282,0.24241898724601488,0.3050112840992568,0.5138981523212766,0.27147916507411346,0.1866217929032305
Other,DashPass Benefits Awareness: Discounted rides with Lyft,0.010425467330460285,0.17558883156579064,282,0.19930127370118086,0.2513461015045364,0.41587874127304963,0.2165774675751773,0.18718164761120568
Other,DashPass Benefits Awareness: Max [HBO] subscription included at no extra cost,0.012341383180228723,0.14801003349385425,282,0.19317569554295994,0.23539455751046912,0.3950589349769503,0.20188323943156028,0.24154165548296735
Other,DashPass Benefits Awareness: Reduced service fees on eligible orders,-0.004179821178088687,0.12007161618087306,282,0.2368187983544055,0.29954399866725967,0.5048774764170213,0.2680586780613475,0.18769172956493263
Other,DashPass Benefits: Consistently adds valuable perks and benefits for members,0.008444296991425886,0.15979381360010356,282,0.24220871907384645,0.2988876053069251,0.5058311027723404,0.26362238369659574,0.17864272476072696
Other,DashPass Benefits: Makes members' lives better,-0.0030195939206705317,0.10389909266564491,282,0.24804999175187253,0.31179913586044833,0.5218506742326241,0.27380068247815603,0.19116422805458158
Other,"DashPass Benefits: Provides more value than other non-delivery subscription services (e.g. TV streaming, audio streaming, fitness, fashion, etc)",0.011401684797897093,0.11563558291658885,282,0.23041304409443236,0.2779632088088171,0.473189497377305,0.24277645328652483,0.1979046641775851
Other,DashPass Benefits: Save more than other delivery subscription services,0.005291756067496454,0.10599392483667416,282,0.23574249647880047,0.28683730313965955,0.4887449844280142,0.25300248795106384,0.1850694296386844
Other,DashPass Benefits: Saves subscription members more money than non-members who use the delivery service,-0.0017079741002042912,0.11255844922689598,282,0.24727344137769514,0.3082884349227151,0.5190660222847518,0.2717925809067376,0.17365488645906027
Other,DashPass Worth,0.02472803248550071,0.2336614459632692,282,0.13408458367504292,0.16639866503492065,0.270268440995,0.13618385731897162,0.17309713727497872
Other,First Choice Consideration,0.007394120338392554,0.15300052852725188,282,0.09383626145037872,0.11735578351523718,0.19018962420269503,0.09635336275347518,0.1658333056568085
Other,More than Restaurant Aided Awareness,-0.0081652146140752,0.09617658161186664,282,0.2926245476420674,0.3729598785508592,0.6219581393177305,0.3293335916758865,0.22702858689022695
Other,More than Restaurant Aided Awareness: Alcoholic Beverages,-0.007533040538684041,0.12605037171180256,282,0.15970288990296133,0.20916782113326096,0.33923407967567376,0.17953118977340426,0.21501916296658155
Other,More than Restaurant Aided Awareness: Baby Supplies,-0.015083628624113828,0.12284493170618731,282,0.13615494970449432,0.18084743208507173,0.2937217104593617,0.15756676075638298,0.23444927821856315
Other,More than Restaurant Aided Awareness: Flowers,-0.022628930389560285,0.11674300339327978,282,0.12767256429896134,0.18119231689653215,0.28478570564670214,0.1571131413457447,0.26457043246507095
Other,More than Restaurant Aided Awareness: Fresh Food & Produce,-0.009320943540592198,0.14841152490825266,282,0.16250438795733796,0.21537385582200677,0.35196725357056735,0.18946286561134754,0.2650113025411241
Other,More than Restaurant Aided Awareness: Health & Medicine,-0.012927732917038297,0.22491040533737586,282,0.14132638074018297,0.19403573874510788,0.3073046290760284,0.16597824833723404,0.26460975022987593
Other,More than Restaurant Aided Awareness: Household Essentials,-0.006763314824885815,0.1543324852085272,282,0.15290995904022056,0.20344785557423864,0.3254797359414893,0.17256977690035463,0.20153999693657446
Other,More than Restaurant Aided Awareness: Packaged Food & Non-Alcoholic Beverages,-0.006463598308345035,0.14011123142204857,282,0.18267798666163756,0.23900486748013416,0.38948881381205674,0.20681082715,0.2044647564633156
Other,More than Restaurant Aided Awareness: Personal Care & Beauty,-0.010366231460234115,0.18772715813822283,282,0.14261460800023298,0.19240715592159743,0.3064445007856028,0.16382989278429078,0.24350586134564148
Other,More than Restaurant Aided Awareness: Pet Supplies,-0.01794699869432766,0.12801160381475601,282,0.13799959926206315,0.19247896899581665,0.30330149948439716,0.16530190022021277,0.24894889485865956
Other,More than Restaurant Aided Awareness: Prepared Restaurant Food,-0.01880302879989007,0.0962405247076471,282,0.22058781224054078,0.29614826961007346,0.478878836783688,0.25829102454432623,0.2822076731591844
Other,More than Restaurant Consideration,-0.007122618423052483,0.0830873536474931,282,0.26749159283734786,0.3359733701744953,0.565487593066312,0.2979960002280142,0.19716767413306735
Other,More than Restaurant Consideration: Alcoholic Beverages,0.006858188016269859,0.16716663043147176,282,0.14681745610248723,0.18458974579013362,0.3025208647055674,0.15570340860319148,0.21626722989083333
Other,More than Restaurant Consideration: Baby Supplies,-0.0036691925636400716,0.1997326052669454,282,0.11448338230280142,0.15517491433806124,0.24690796329138298,0.13242458098595744,0.27304612464528366
Other,More than Restaurant Consideration: Flowers,0.00877020613473968,0.2046285097863506,282,0.1240131372926378,0.1575180504559804,0.25977543627765953,0.13576229898567377,0.2004317755491557
Other,More than Restaurant Consideration: Fresh Food & Produce,0.021014931814027058,0.1814361688895241,282,0.15216941500890566,0.1824536954833838,0.310150295043617,0.15798088003723404,0.19587190351793085
Other,More than Restaurant Consideration: Health & Medicine,-0.009699261773224114,0.15180691745472902,282,0.12653877017276216,0.16843096360045523,0.27073504463794323,0.14419627446276598,0.24168128968175176
Other,More than Restaurant Consideration: Household Essentials,0.002092767443316667,0.16108603851796502,282,0.1357290597757227,0.17386638729737267,0.28197660428574467,0.14624754451134753,0.16766105447818083
Other,More than Restaurant Consideration: Packaged Food & Non-Alcoholic Beverages,-0.0026915558745496445,0.23172228022195665,282,0.15529480445690425,0.2057258055495034,0.33224700113617023,0.17695219667765957,0.26025318637507094
Other,More than Restaurant Consideration: Personal Care & Beauty,-0.009698665119470212,0.16674167127265513,282,0.12505696535983227,0.16721244563210108,0.26793955201695036,0.14288258665840425,0.21583538517198583
Other,More than Restaurant Consideration: Pet Supplies,0.01632618737619858,0.5880513679533391,282,0.12289735830186063,0.17456772538590484,0.26571404147276595,0.14281668316794324,0.2877774188174468
Other,More than Restaurant Consideration: Prepared Restaurant Food,-0.0023113048371524825,0.10997677542648829,282,0.20112042886094325,0.25135157183293394,0.4198465925262411,0.21872616366631206,0.21460313383010637
Other,Unaided Brand Awareness (Any Mention),-0.02626360782615248,0.1161409202276296,282,0.1640712006667801,0.22492616945939425,0.3557149829058156,0.1916437822390071,0.2589183591293901
Other,Unaided Brand Awareness (Any Mention) - Amazon,-0.0057621978303569145,0.19686649711751586,282,0.08702302823532397,0.11988520232019237,0.18642944058886526,0.09940641235319149,0.19087166717942908
Other,Unaided Brand Awareness (Any Mention) - GrubHub,-0.027214164991404256,0.3219071491363625,282,0.03385465535376773,0.05964823154356225,0.08425235831450355,0.050397702959751774,0.23690888918258865
Other,Unaided Brand Awareness (Any Mention) - Instacart,0.0046920034677010655,0.2421246012843306,282,0.0898268779837005,0.11709530428834708,0.1894297812975532,0.09960290331489362,0.17767714111293617
Other,Unaided Brand Awareness (Any Mention) - Uber Eats,-0.007934076202537164,0.1414500926406614,282,0.1523259650601829,0.1968268081539681,0.31892651179358156,0.16660054673595745,0.16721968419609928
Other,Unaided Brand Awareness (First Mention),-0.03155182789511213,0.13382142682441822,282,0.08937332009534334,0.129695090576281,0.19934655542549648,0.10997323533049645,0.22476759280122766
Podcast,Affinity ,0.011163982052352943,0.04493774242043282,17,0.3772288185117647,0.3148965147712403,0.5537065368705882,0.17647771836470588,0.10778970405294118
Podcast,Aided Awareness,-0.0019136670629411768,0.015613305875738896,17,0.5408106648688236,0.4707456514376752,0.8142729063294117,0.2734622414647059,0.06832501098235294
Podcast,BA MDS: Is different,0.05902805747411765,0.1792495619377893,17,0.4475043621829412,0.34198825411642403,0.6282578918823529,0.18075352969411765,0.21116428082352942
Podcast,BA MDS: Meets needs,0.013543995702352943,0.07485769409753862,17,0.43179722613823524,0.3607636590080059,0.6323022200588235,0.20050499391764706,0.1683621005705882
Podcast,BA MDS: Sets trends,0.09628484029,0.39202893170671027,17,0.4526166572347059,0.35486628600834885,0.6340077106294117,0.1813910533882353,0.19097286787058823
Podcast,BA: Has my favorite brands or stores,0.010778965415294118,0.0793118912754158,17,0.43865670640470583,0.37228181025297,0.6493360488470588,0.21067934244705883,0.1463098822764706
Podcast,BA: Is a brand I trust,0.01926241831352941,0.08703044762441633,17,0.44302836341,0.36485696858361677,0.6468425274588235,0.20381416405294117,0.13444708541176473
Podcast,BA: Is an essential part of my life,0.06461045333882354,0.19434295561899412,17,0.4120298596605882,0.30905186518118627,0.5768624997882352,0.1648326401235294,0.1522377439
Podcast,BA: Makes my life easier,-0.003081931728235296,0.05592047626896637,17,0.4447094860041177,0.3949827722901653,0.6699290768764705,0.22521959087058824,0.17069715502941177
Podcast,BA: Offers a wide selection of brands or stores across a variety of categories,0.010902102098764707,0.05261215079870076,17,0.4655567227454118,0.3885200517279638,0.684361125317647,0.21880440257058822,0.13140170132764706
Podcast,Brand Familiarity,-0.010914480874117647,0.04316541075143452,17,0.4645157891905882,0.4231309681532939,0.7086073490529411,0.24409155985294118,0.1486980179235294
Podcast,Brand Favorability,0.01649477062352941,0.058704756891578676,17,0.4776201560747059,0.3912655018226592,0.6965951157470588,0.2189749596882353,0.16749037122352942
Podcast,Consideration (Top 2 Box),-0.014881658491176468,0.0750626206077979,17,0.40818709591411767,0.385097009819712,0.6276356995941177,0.2194486036882353,0.1805095223882353
Podcast,DashPass Actions – Saw a Deal,-0.01589858554705882,0.10241876911713242,17,0.18187834480588236,0.17719921067624456,0.28034004868235296,0.09846170387647059,0.15676631728235293
Podcast,DashPass Actions – Talked to others,0.0509291782,0.25103510892964886,17,0.19896779249529412,0.17229029487284986,0.2907473245117647,0.09177953201764705,0.17265592501176472
Podcast,DashPass Aided Awareness,-0.003753710813529413,0.037459647524463596,17,0.48262135506529413,0.42635941348187106,0.7290783055235294,0.24645695045882351,0.12999562036470588
Podcast,DashPass Aided Awareness (DD aware non-users),-0.0117813843717647,0.16594744738706663,17,0.05532763328788235,0.06660899749466549,0.08975459194764707,0.03442695866529412,0.1223043513882353
Podcast,DashPass Aided Awareness (DD users),0.0029974510435294118,0.06948277691426338,17,0.4272937217664706,0.37253892742456696,0.639323713564706,0.21202999179411763,0.18553032820588236
Podcast,DashPass Benefit Awareness: $0 Delivery + 1 Other Benefit (DP aware non-users),0.06312180886470588,0.2531891731413933,17,0.06183526640294118,0.05281227571766867,0.08468244972117647,0.022847183314117645,0.12261620345882353
Podcast,DashPass Benefit Awareness: $0 Delivery + 1 Other Benefit (DP users),0.08050956642411766,0.18956795090361656,17,0.22544601933705882,0.16343801861241686,0.3103397748235294,0.08489375548235294,0.1259941644235294
Podcast,DashPass Benefits Awareness: $0 delivery fees + 1 Other Benefit,-0.004903281979411767,0.09822868302656046,17,0.36043029726058823,0.3321317806390046,0.5471102055882353,0.18667990832941175,0.14155519664705882
Podcast,DashPass Benefits Awareness: $0 delivery fees on eligible orders,-0.002304861052941177,0.07708131777705372,17,0.37185510061529414,0.33335912348050717,0.5610560173470588,0.18920091672941175,0.15419495817058823
Podcast,DashPass Benefits Awareness: Ability to add someone in your household to your DashPass membership for free,0.04840466065941176,0.11504309226074547,17,0.3448524034370588,0.2618537637898273,0.4807077637588235,0.1358553603235294,0.13198199572941174
Podcast,DashPass Benefits Awareness: Access to exclusive deals for DashPass members,-0.013844340314117647,0.1003955611896906,17,0.3567610147635294,0.34511793709156285,0.5479319962941176,0.1911709815235294,0.1582709879
Podcast,DashPass Benefits Awareness: Discounted rides with Lyft,-0.013393441318823529,0.13002301939848276,17,0.2935496752784706,0.2876667154771604,0.4448982308705882,0.1513485555882353,0.13173262253058823
Podcast,DashPass Benefits Awareness: Max [HBO] subscription included at no extra cost,0.08007145906470589,0.18256157682428728,17,0.3352848731452941,0.24289333131096982,0.45366067599411763,0.11837580284117646,0.18595925413529413
Podcast,DashPass Benefits Awareness: Reduced service fees on eligible orders,-0.01959649729529412,0.08233227036671181,17,0.3459152347405882,0.33465736868769824,0.5349717381470588,0.18905650341176472,0.14778753138823528
Podcast,DashPass Benefits: Consistently adds valuable perks and benefits for members,0.014449274890588235,0.06946987447592848,17,0.3804055233911765,0.31952231029227873,0.5532748327352941,0.17286930933529412,0.1378538467588235
Podcast,DashPass Benefits: Makes members' lives better,0.08719756409200001,0.31202590338799746,17,0.41741965771788825,0.31642879492460674,0.5824608822941176,0.16504122457058823,0.13312262919941176
Podcast,"DashPass Benefits: Provides more value than other non-delivery subscription services (e.g. TV streaming, audio streaming, fitness, fashion, etc)",0.07474793936764705,0.2653751480454831,17,0.37909921424235293,0.2894812237431137,0.5276810550588236,0.14858184081764705,0.13628376406470588
Podcast,DashPass Benefits: Save more than other delivery subscription services,0.005863928051764706,0.046103444945122425,17,0.3664979960311765,0.31249068419593584,0.5376000530117647,0.1711020569882353,0.10749546087058824
Podcast,DashPass Benefits: Saves subscription members more money than non-members who use the delivery service,0.01932552962864706,0.08753108016105174,17,0.3860835822672941,0.3184026550791779,0.5607374599764706,0.17465387771176472,0.15025893327647058
Podcast,DashPass Worth,0.0704487896764706,0.15107375054686786,17,0.22646443704529412,0.1649426828523905,0.30798315361764705,0.08151871657647058,0.12821362251764706
Podcast,First Choice Consideration,-0.05538214092235294,0.17461926695216545,17,0.0865667157482353,0.13641748716366006,0.16510798275882352,0.07854126700588236,0.12683806764
Podcast,More than Restaurant Aided Awareness,-0.007785262344705882,0.054583467691943756,17,0.42792308061411766,0.38820138273316435,0.6558211085117647,0.22789802790000002,0.17194366459411764
Podcast,More than Restaurant Aided Awareness: Alcoholic Beverages,-0.01599862734882353,0.10822607049850275,17,0.21164657320764704,0.20781385636350636,0.33399487414705886,0.12234830093529411,0.17041696604117648
Podcast,More than Restaurant Aided Awareness: Baby Supplies,-0.028460657608764706,0.10637214540845173,17,0.1893196977777647,0.19640486907890609,0.3017925495470588,0.11247285175882353,0.13840690075999998
Podcast,More than Restaurant Aided Awareness: Flowers,-0.02995607688411765,0.11273023316348584,17,0.17882549881588236,0.18741930242929117,0.28463790862352945,0.10581240981176471,0.15990531088823529
Podcast,More than Restaurant Aided Awareness: Fresh Food & Produce,-0.025449588775882354,0.06700883923359381,17,0.22343827444941175,0.22161193574650337,0.3536030029705883,0.13016472851764704,0.12068583499411766
Podcast,More than Restaurant Aided Awareness: Health & Medicine,0.004980705187647059,0.08787556622431339,17,0.20603554653941175,0.18236197435079712,0.3089939824411765,0.1029584359,0.12743131702352942
Podcast,More than Restaurant Aided Awareness: Household Essentials,0.04537838123705882,0.23496074295293393,17,0.23829029285305883,0.20627891155104489,0.34989553293529413,0.11160524007647057,0.10498656184764706
Podcast,More than Restaurant Aided Awareness: Packaged Food & Non-Alcoholic Beverages,-0.025146915382352943,0.10311336786125137,17,0.2505744681435294,0.2565560655794963,0.40007179434117646,0.14949732620588235,0.16910522405294118
Podcast,More than Restaurant Aided Awareness: Personal Care & Beauty,0.1217957267164706,0.4220367462243126,17,0.21836071485705882,0.17296257161117234,0.30389380485882356,0.0855330900064706,0.12436488180058823
Podcast,More than Restaurant Aided Awareness: Pet Supplies,0.13477977652941175,0.5692344685049759,17,0.21143029395000001,0.17542925014697672,0.3028917997705882,0.09146150581235295,0.15966034828235295
Podcast,More than Restaurant Aided Awareness: Prepared Restaurant Food,0.0009793729400000006,0.13525465108164497,17,0.30474458708823526,0.28123724863950517,0.46529960505294116,0.1605550179647059,0.15488388505294118
Podcast,More than Restaurant Consideration,0.008150472911764706,0.06456421056547855,17,0.3968616168088235,0.3394727787683636,0.5882848689352942,0.19142325212941175,0.17482993973529415
Podcast,More than Restaurant Consideration: Alcoholic Beverages,-0.005332487519411764,0.09142740870621889,17,0.21335903739547057,0.19611657132954582,0.3222327606235294,0.10887372322352941,0.13743933551764706
Podcast,More than Restaurant Consideration: Baby Supplies,-0.04046260028235294,0.14576703229055252,17,0.14784092651588238,0.17613461796164848,0.24520210128823527,0.09736117477058824,0.14581058982941175
Podcast,More than Restaurant Consideration: Flowers,-0.011891352463529414,0.1280546619988496,17,0.17186242918,0.1719109731310227,0.26677797115294116,0.09491554197647059,0.1373839130529412
Podcast,More than Restaurant Consideration: Fresh Food & Produce,0.012409084609411767,0.08907844526003597,17,0.22097065056694118,0.1886967107222112,0.32838349044705883,0.10741283988235295,0.07224040203176471
Podcast,More than Restaurant Consideration: Health & Medicine,-0.00922385786764706,0.13122570133089073,17,0.18432028608999998,0.17977874184497497,0.2801016289235294,0.09578134284117648,0.17045403305294118
Podcast,More than Restaurant Consideration: Household Essentials,0.003927548864705882,0.14366754644712873,17,0.1882968903564706,0.17808320778741743,0.282763574,0.09446668364117647,0.17761684649411766
Podcast,More than Restaurant Consideration: Packaged Food & Non-Alcoholic Beverages,-0.012127676796470588,0.050627786408372955,17,0.23543702171511766,0.21658187160547754,0.35534093479411766,0.1199039130764706,0.07304584159235293
Podcast,More than Restaurant Consideration: Personal Care & Beauty,-0.0419266347417647,0.14818873506721175,17,0.16518237396217647,0.18720995548250588,0.2676807470470588,0.1024983730882353,0.14629153826176472
Podcast,More than Restaurant Consideration: Pet Supplies,0.022764749205882354,0.11774031417181686,17,0.19291832364,0.16296813353112558,0.28378214391764706,0.0908638202764706,0.15700253695882355
Podcast,More than Restaurant Consideration: Prepared Restaurant Food,-0.0032206233588235288,0.07392275127388137,17,0.2748587545464706,0.24735653106869873,0.41593778009411764,0.1410790255529412,0.11495864833529412
Podcast,Unaided Brand Awareness (Any Mention),0.008474698161764705,0.11367327656302664,17,0.22803224064176472,0.20328858973116182,0.3442361848470588,0.11620394419999999,0.12349430902941178
Podcast,Unaided Brand Awareness (Any Mention) - Amazon,-0.036711712652941174,0.1449000599289315,17,0.12663547323705884,0.1494917547853101,0.21011542682941176,0.08347995358823529,0.12345373226470588
Podcast,Unaided Brand Awareness (Any Mention) - GrubHub,-0.019515523488235296,0.22473908603727963,17,0.05381611576117647,0.060016621856288574,0.07837758479235295,0.024561469032941177,0.11970694357647058
Podcast,Unaided Brand Awareness (Any Mention) - Instacart,0.07572066394705881,0.17833038368900683,17,0.14055325602411764,0.10091753567824008,0.19100567942352942,0.05045242339411765,0.12524767379411764
Podcast,Unaided Brand Awareness (Any Mention) - Uber Eats,-0.03324141108,0.05868104509632455,17,0.18497651515882355,0.18786001145255135,0.29359502518823527,0.10861851002941177,0.09269634061764706
Podcast,Unaided Brand Awareness (First Mention),-0.030214169415294118,0.12624847372034817,17,0.11107620113352941,0.12307021255459089,0.18261104537647058,0.07153484423529412,0.11812625809411766
Radio,Affinity ,0.0,0.0,2,0.0,0.0,0.0,0.0,0.0
Radio,Aided Awareness,0.0,0.0,2,0.0,0.0,0.0,0.0,0.0
Radio,BA MDS: Is different,0.0,0.0,2,0.0,0.0,0.0,0.0,0.0
Radio,BA MDS: Meets needs,0.0,0.0,2,0.0,0.0,0.0,0.0,0.0
Radio,BA MDS: Sets trends,0.0,0.0,2,0.0,0.0,0.0,0.0,0.0
Radio,BA: Has my favorite brands or stores,0.0,0.0,2,0.0,0.0,0.0,0.0,0.0
Radio,BA: Is a brand I trust,0.0,0.0,2,0.0,0.0,0.0,0.0,0.0
Radio,BA: Is an essential part of my life,0.0,0.0,2,0.0,0.0,0.0,0.0,0.0
Radio,BA: Makes my life easier,0.0,0.0,2,0.0,0.0,0.0,0.0,0.0
Radio,BA: Offers a wide selection of brands or stores across a variety of categories,0.0,0.0,2,0.0,0.0,0.0,0.0,0.0
Radio,Brand Familiarity,0.0,0.0,2,0.0,0.0,0.0,0.0,0.0
Radio,Brand Favorability,0.0,0.0,2,0.0,0.0,0.0,0.0,0.0
Radio,Consideration (Top 2 Box),0.0,0.0,2,0.0,0.0,0.0,0.0,0.0
Radio,DashPass Actions – Saw a Deal,0.0,0.0,2,0.0,0.0,0.0,0.0,0.0
Radio,DashPass Actions – Talked to others,0.0,0.0,2,0.0,0.0,0.0,0.0,0.0
Radio,DashPass Aided Awareness,0.0,0.0,2,0.0,0.0,0.0,0.0,0.0
Radio,DashPass Aided Awareness (DD aware non-users),0.0,0.0,2,0.0,0.0,0.0,0.0,0.0
Radio,DashPass Aided Awareness (DD users),0.0,0.0,2,0.0,0.0,0.0,0.0,0.0
Radio,DashPass Benefit Awareness: $0 Delivery + 1 Other Benefit (DP aware non-users),0.0,0.0,2,0.0,0.0,0.0,0.0,0.0
Radio,DashPass Benefit Awareness: $0 Delivery + 1 Other Benefit (DP users),0.0,0.0,2,0.0,0.0,0.0,0.0,0.0
Radio,DashPass Benefits Awareness: $0 delivery fees + 1 Other Benefit,0.0,0.0,2,0.0,0.0,0.0,0.0,0.0
Radio,DashPass Benefits Awareness: $0 delivery fees on eligible orders,0.0,0.0,2,0.0,0.0,0.0,0.0,0.0
Radio,DashPass Benefits Awareness: Ability to add someone in your household to your DashPass membership for free,0.0,0.0,2,0.0,0.0,0.0,0.0,0.0
Radio,DashPass Benefits Awareness: Access to exclusive deals for DashPass members,0.0,0.0,2,0.0,0.0,0.0,0.0,0.0
Radio,DashPass Benefits Awareness: Discounted rides with Lyft,0.0,0.0,2,0.0,0.0,0.0,0.0,0.0
Radio,DashPass Benefits Awareness: Max [HBO] subscription included at no extra cost,0.0,0.0,2,0.0,0.0,0.0,0.0,0.0
Radio,DashPass Benefits Awareness: Reduced service fees on eligible orders,0.0,0.0,2,0.0,0.0,0.0,0.0,0.0
Radio,DashPass Benefits: Consistently adds valuable perks and benefits for members,0.0,0.0,2,0.0,0.0,0.0,0.0,0.0
Radio,DashPass Benefits: Makes members' lives better,0.0,0.0,2,0.0,0.0,0.0,0.0,0.0
Radio,"DashPass Benefits: Provides more value than other non-delivery subscription services (e.g. TV streaming, audio streaming, fitness, fashion, etc)",0.0,0.0,2,0.0,0.0,0.0,0.0,0.0
Radio,DashPass Benefits: Save more than other delivery subscription services,0.0,0.0,2,0.0,0.0,0.0,0.0,0.0
Radio,DashPass Benefits: Saves subscription members more money than non-members who use the delivery service,0.0,0.0,2,0.0,0.0,0.0,0.0,0.0
Radio,DashPass Worth,0.0,0.0,2,0.0,0.0,0.0,0.0,0.0
Radio,First Choice Consideration,0.0,0.0,2,0.0,0.0,0.0,0.0,0.0
Radio,More than Restaurant Aided Awareness,0.0,0.0,2,0.0,0.0,0.0,0.0,0.0
Radio,More than Restaurant Aided Awareness: Alcoholic Beverages,0.0,0.0,2,0.0,0.0,0.0,0.0,0.0
Radio,More than Restaurant Aided Awareness: Baby Supplies,0.0,0.0,2,0.0,0.0,0.0,0.0,0.0
Radio,More than Restaurant Aided Awareness: Flowers,0.0,0.0,2,0.0,0.0,0.0,0.0,0.0
Radio,More than Restaurant Aided Awareness: Fresh Food & Produce,0.0,0.0,2,0.0,0.0,0.0,0.0,0.0
Radio,More than Restaurant Aided Awareness: Health & Medicine,0.0,0.0,2,0.0,0.0,0.0,0.0,0.0
Radio,More than Restaurant Aided Awareness: Household Essentials,0.0,0.0,2,0.0,0.0,0.0,0.0,0.0
Radio,More than Restaurant Aided Awareness: Packaged Food & Non-Alcoholic Beverages,0.0,0.0,2,0.0,0.0,0.0,0.0,0.0
Radio,More than Restaurant Aided Awareness: Personal Care & Beauty,0.0,0.0,2,0.0,0.0,0.0,0.0,0.0
Radio,More than Restaurant Aided Awareness: Pet Supplies,0.0,0.0,2,0.0,0.0,0.0,0.0,0.0
Radio,More than Restaurant Aided Awareness: Prepared Restaurant Food,0.0,0.0,2,0.0,0.0,0.0,0.0,0.0
Radio,More than Restaurant Consideration,0.0,0.0,2,0.0,0.0,0.0,0.0,0.0
Radio,More than Restaurant Consideration: Alcoholic Beverages,0.0,0.0,2,0.0,0.0,0.0,0.0,0.0
Radio,More than Restaurant Consideration: Baby Supplies,0.0,0.0,2,0.0,0.0,0.0,0.0,0.0
Radio,More than Restaurant Consideration: Flowers,0.0,0.0,2,0.0,0.0,0.0,0.0,0.0
Radio,More than Restaurant Consideration: Fresh Food & Produce,0.0,0.0,2,0.0,0.0,0.0,0.0,0.0
Radio,More than Restaurant Consideration: Health & Medicine,0.0,0.0,2,0.0,0.0,0.0,0.0,0.0
Radio,More than Restaurant Consideration: Household Essentials,0.0,0.0,2,0.0,0.0,0.0,0.0,0.0
Radio,More than Restaurant Consideration: Packaged Food & Non-Alcoholic Beverages,0.0,0.0,2,0.0,0.0,0.0,0.0,0.0
Radio,More than Restaurant Consideration: Personal Care & Beauty,0.0,0.0,2,0.0,0.0,0.0,0.0,0.0
Radio,More than Restaurant Consideration: Pet Supplies,0.0,0.0,2,0.0,0.0,0.0,0.0,0.0
Radio,More than Restaurant Consideration: Prepared Restaurant Food,0.0,0.0,2,0.0,0.0,0.0,0.0,0.0
Radio,Unaided Brand Awareness (Any Mention),0.0,0.0,2,0.0,0.0,0.0,0.0,0.0
Radio,Unaided Brand Awareness (Any Mention) - Amazon,0.0,0.0,2,0.0,0.0,0.0,0.0,0.0
Radio,Unaided Brand Awareness (Any Mention) - GrubHub,0.0,0.0,2,0.0,0.0,0.0,0.0,0.0
Radio,Unaided Brand Awareness (Any Mention) - Instacart,0.0,0.0,2,0.0,0.0,0.0,0.0,0.0
Radio,Unaided Brand Awareness (Any Mention) - Uber Eats,0.0,0.0,2,0.0,0.0,0.0,0.0,0.0
Radio,Unaided Brand Awareness (First Mention),0.0,0.0,2,0.0,0.0,0.0,0.0,0.0
Social,Affinity ,0.0031015580157000002,0.019051125784980912,40,0.38047501908035,0.28293189326309937,0.45627254678250007,0.075797527705,0.088254981465
Social,Aided Awareness,-0.000470552399355,0.002395254305552758,40,0.5893363898182951,0.4397806443656433,0.70823772235,0.11890133252499999,0.02347601662275
Social,BA MDS: Is different,0.0032033366481000005,0.020216980377859108,40,0.43774462282042503,0.3246635010042496,0.5260942553325,0.088349632515,0.08391150486250001
Social,BA MDS: Meets needs,0.00115857586135,0.01664844575888123,40,0.43781213957864995,0.3278909519278574,0.52897461336,0.0911624737825,0.08412985169750001
Social,BA MDS: Sets trends,0.0028023968489,0.011580115954144323,40,0.45171093595177503,0.3357071068807603,0.543797863815,0.0920869278625,0.07867679879350001
Social,BA: Has my favorite brands or stores,0.001185046822725,0.004525045660708186,40,0.45812038642760006,0.3411975923133161,0.55364829009,0.0955279036625,0.05969487820875
Social,BA: Is a brand I trust,0.0012631670538500001,0.005973723934416628,40,0.4579752827327,0.3410984127611038,0.55389303718,0.09591775444499999,0.072516522445
Social,BA: Is an essential part of my life,0.0032863294877500003,0.021934359193634,40,0.3974460679823,0.295973768574309,0.47779289008500003,0.08034682209999999,0.1049133977725
Social,BA: Makes my life easier,-0.00034402765977499994,0.007526845327034344,40,0.471839007076825,0.35368430178247456,0.5704049798225,0.098565972745,0.06351570915925
Social,BA: Offers a wide selection of brands or stores across a variety of categories,-0.0014414037179,0.011622551288860188,40,0.47527915464335,0.3583977856962982,0.57608150116,0.1008023465175,0.07325814560375
Social,Brand Familiarity,0.00054508706265,0.0034413710757773336,40,0.5132305615399,0.3828398734017528,0.6180264339775,0.10479587243499999,0.053729967655
Social,Brand Favorability,0.0013564956073249998,0.004837299992639312,40,0.4904704953018725,0.36561446426413996,0.59130162254,0.10083112723750001,0.05467870039575
Social,Consideration (Top 2 Box),0.0037940635617499997,0.02130335499402674,40,0.459095317539475,0.3385995705559774,0.55531935648,0.0962240389425,0.0707168213375
Social,DashPass Actions – Saw a Deal,-0.0003757857982499998,0.020532069754220082,40,0.202382773946525,0.15657593029912809,0.24658028979750002,0.0441975158475,0.067418911395
Social,DashPass Actions – Talked to others,-0.0010604824495000001,0.0105669834069263,40,0.20558342159735,0.16693049232003027,0.24862980942275,0.0430463878275,0.055301867763500004
Social,DashPass Aided Awareness,0.0006421879990475,0.004447957217172239,40,0.5220686249319024,0.3916771016921653,0.62905992975,0.10699130481750001,0.026197277982
Social,DashPass Aided Awareness (DD aware non-users),0.003572322928,0.024159787837159368,40,0.08365160771765,0.07107410513381215,0.09787900350025,0.014227395782749999,0.06434914700750001
Social,DashPass Aided Awareness (DD users),0.00037400226372499997,0.005179254589296527,40,0.43841701720717496,0.32991338806144166,0.531180926245,0.09276390903500001,0.0561257065675
Social,DashPass Benefit Awareness: $0 Delivery + 1 Other Benefit (DP aware non-users),0.0012198771182749999,0.010717877246012789,40,0.0645944808191075,0.057926030269109044,0.07755988760525,0.01296540678575,0.020013169479
Social,DashPass Benefit Awareness: $0 Delivery + 1 Other Benefit (DP users),0.00584308353225,0.03398944362582306,40,0.22050544375130002,0.16683472983736786,0.2666762823075,0.046170838557499996,0.054634752652999996
Social,DashPass Benefits Awareness: $0 delivery fees + 1 Other Benefit,0.00403939496275,0.014631702440770568,40,0.392553168215325,0.2921832611144366,0.47323274282499994,0.0806795746125,0.08509431978500001
Social,DashPass Benefits Awareness: $0 delivery fees on eligible orders,0.003706978213,0.012307700441984303,40,0.40090294905762497,0.2977522748571685,0.483698271065,0.08279532200749999,0.086227096755
Social,DashPass Benefits Awareness: Ability to add someone in your household to your DashPass membership for free,0.0056350983791,0.025353220845335617,40,0.337720702203975,0.2503152258627004,0.4036431615925,0.06592245939,0.0704004320005
Social,DashPass Benefits Awareness: Access to exclusive deals for DashPass members,0.0017259950664500004,0.013063696448637405,40,0.389149046192605,0.2904258424663142,0.47015377016000004,0.08100472397,0.044582137563
Social,DashPass Benefits Awareness: Discounted rides with Lyft,0.0027289826843125,0.016191401311059863,40,0.32019286398185,0.24172274975124297,0.3825665079475,0.0623736439625,0.05061379342175
Social,DashPass Benefits Awareness: Max [HBO] subscription included at no extra cost,0.0039517253284999995,0.016043965256981943,40,0.30770745901325,0.2310502719651179,0.3665050696225,0.058797610612499995,0.09157944278499999
Social,DashPass Benefits Awareness: Reduced service fees on eligible orders,-0.0005652059805,0.002845699896745274,40,0.37540559092335,0.28357622334142163,0.45574701263249995,0.0803414217125,0.033562560965
Social,DashPass Benefits: Consistently adds valuable perks and benefits for members,0.0018714344533325004,0.017476494173511978,40,0.3823882516086075,0.2870951844685062,0.4619426279125,0.0795543763025,0.06429664158675
Social,DashPass Benefits: Makes members' lives better,0.0014606496755249997,0.013551626849105863,40,0.39702736038130004,0.29651016928662444,0.48025707944749996,0.08322971906750001,0.07991076999749999
Social,"DashPass Benefits: Provides more value than other non-delivery subscription services (e.g. TV streaming, audio streaming, fitness, fashion, etc)",0.00257799608825,0.017637909568827527,40,0.362748830452575,0.27108986858764705,0.4360661785725,0.07331734812249999,0.0847501916825
Social,DashPass Benefits: Save more than other delivery subscription services,0.004322924396324999,0.025169389331615603,40,0.37054024000117497,0.27522557469193115,0.4465135829225,0.07597334291999999,0.0717050662125
Social,DashPass Benefits: Saves subscription members more money than non-members who use the delivery service,0.00121770078155,0.011928390261557158,40,0.391762506725025,0.296415047396908,0.47472251872250004,0.0829600120025,0.0721170414425
Social,DashPass Worth,0.0020925009832500003,0.007816237769627766,40,0.1962505414245525,0.1506115723921241,0.23792071473999998,0.041670173314999996,0.03773547993425
Social,First Choice Consideration,0.004440520342975001,0.04529036402090964,40,0.1526421584122575,0.11735900008959932,0.1826148051825,0.0299726467725,0.05447136303325001
Social,More than Restaurant Aided Awareness,-0.0010844756286,0.004814287940560398,40,0.46909239004052494,0.35425862346742537,0.56824582987,0.0991534398275,0.07093259543925
Social,More than Restaurant Aided Awareness: Alcoholic Beverages,-0.00199430054694,0.02736819821854873,40,0.2532832534527625,0.1951186889782231,0.30905668743,0.055773433977499995,0.0667825762955
Social,More than Restaurant Aided Awareness: Baby Supplies,-0.00603385355575,0.023634589816983208,40,0.221531975485075,0.17383250156524896,0.27113699870749997,0.04960502322,0.06969810036749999
Social,More than Restaurant Aided Awareness: Flowers,-0.0081910379095,0.03426387126033087,40,0.2013758812981,0.16381520378790976,0.25063357176525003,0.049257690467500004,0.078378651145
Social,More than Restaurant Aided Awareness: Fresh Food & Produce,-0.006567077115,0.020987853122359262,40,0.2603551574805,0.20834792762987475,0.31932524049275,0.05897008300499999,0.0957632728125
Social,More than Restaurant Aided Awareness: Health & Medicine,-0.01220466127225,0.05014692654239144,40,0.21813208474025,0.17952293864871183,0.26984442944000003,0.0517123446975,0.101654383485
Social,More than Restaurant Aided Awareness: Household Essentials,-0.0038926065683750006,0.014838449083209951,40,0.2527752822153575,0.194040050873898,0.30730400572,0.054528723505,0.051046407849250006
Social,More than Restaurant Aided Awareness: Packaged Food & Non-Alcoholic Beverages,-0.00659119311045,0.025033704938194436,40,0.2885001541156,0.22691342335026923,0.35378869131,0.0652885371925,0.0840459466025
Social,More than Restaurant Aided Awareness: Personal Care & Beauty,-0.002266313194725,0.009648719320341052,40,0.21400867359269998,0.16865461270883056,0.265017471875,0.05100879828,0.06164400380775
Social,More than Restaurant Aided Awareness: Pet Supplies,-0.00696783253555,0.02791606791971423,40,0.21738284032072502,0.17197265127184364,0.26878135141750004,0.0513985110975,0.081612439759
Social,More than Restaurant Aided Awareness: Prepared Restaurant Food,-0.006707965035499999,0.021420053766594827,40,0.35399857388575,0.2759234829046827,0.43475094962250005,0.080752375735,0.112479563615
Social,More than Restaurant Consideration,0.00241425845575,0.016140749647784464,40,0.421540725959025,0.3159642872639675,0.5097406692099999,0.0881999432475,0.060277355985
Social,More than Restaurant Consideration: Alcoholic Beverages,-0.0015231205477499999,0.018583483779177283,40,0.224559240615075,0.1777728358345593,0.27321111180025,0.048651871185,0.066699481595
Social,More than Restaurant Consideration: Baby Supplies,-0.0074064868925,0.03839440546101721,40,0.191454376081,0.15560707056567047,0.2324935224575,0.041039146375,0.11001345733500001
Social,More than Restaurant Consideration: Flowers,-0.0035611370289499998,0.01406423572718482,40,0.1765405683140425,0.1442414860810203,0.21897429290025,0.0424337245875,0.05225774546900001
Social,More than Restaurant Consideration: Fresh Food & Produce,0.00205371604575,0.018127656864317353,40,0.22454268595787502,0.17186336346584918,0.2729626491,0.04841996314,0.0686802163775
Social,More than Restaurant Consideration: Health & Medicine,-0.005860571742,0.01954896961997343,40,0.19505469660415,0.15567476652722373,0.2398267790625,0.04477208246,0.071885726095
Social,More than Restaurant Consideration: Household Essentials,2.306493425000087e-06,0.006965543780009131,40,0.2050192308749225,0.15898935740713338,0.2507408724425,0.0457216415675,0.03592952103725
Social,More than Restaurant Consideration: Packaged Food & Non-Alcoholic Beverages,-0.0015539994697499999,0.02120548195982947,40,0.24693521807125,0.19035612337989444,0.3014006056025,0.05446538753,0.09028314982999999
Social,More than Restaurant Consideration: Personal Care & Beauty,-0.0037212648262,0.01296185061429829,40,0.196997032417825,0.15755741301248496,0.24130827511000003,0.0443112426925,0.053407817079999996
Social,More than Restaurant Consideration: Pet Supplies,-0.0061846658577,0.02128053066964035,40,0.195265120277175,0.16134580768741472,0.23998425789024996,0.0447191376175,0.08171716308275
Social,More than Restaurant Consideration: Prepared Restaurant Food,-0.0025166076581250004,0.008508821470189068,40,0.30554590871405,0.23591726180830058,0.3736501746925,0.06810426598,0.05411091138
Social,Unaided Brand Awareness (Any Mention),-0.002524204367125,0.0162575624644014,40,0.26032234067987,0.20073903603336374,0.31946408981749996,0.05914174914,0.07593563627024999
Social,Unaided Brand Awareness (Any Mention) - Amazon,-0.002541201045775,0.015482112992367097,40,0.1368786244607775,0.11059279506607991,0.16573455044275,0.028855925980000002,0.03898983130675
Social,Unaided Brand Awareness (Any Mention) - GrubHub,-0.0105808809733,0.0410511450640127,40,0.066636351493785,0.0573514343320879,0.08240955988849999,0.0157732083975,0.05411308521825
Social,Unaided Brand Awareness (Any Mention) - Instacart,0.0005825572137749997,0.026213835527786628,40,0.14434482143645,0.11066344748361959,0.17484397546000002,0.030499154025000003,0.046274310111
Social,Unaided Brand Awareness (Any Mention) - Uber Eats,0.004523520139999999,0.026537962414781326,40,0.22394420499200002,0.17477008488504836,0.27376718423525,0.049822979239999995,0.064961066695
Social,Unaided Brand Awareness (First Mention),-0.00192529406725,0.01525724363916876,40,0.1514831269439,0.11763456853008633,0.18470356429999998,0.033220437355,0.06569798505499999
