Raw Table,Transformed Header
_FILE,_FILE
_FIVETRAN_SYNCED,_FIVETRAN_SYNCED
_LINE,_LINE
_MODIFIED,_MODIFIED
COMPLETETIME,Date
ID,Numeric
Q_1,cell
Q_10,creativeID
Q_101,MobileExposure
Q_104,inappfreq
Q_107,mobilewebfreq
Q_110,desktopwebfreq
Q_113,ottfreq
Q_114,Q_114
Q_115,GDPRDeleteFlag
Q_118,DigitalBannerList
Q_119,DigitalCampaignCount
Q_12,placementID
Q_120,TVCampaignCount
Q_121,TVCampaignCount7Days
Q_122,TVFirstHitDate
Q_123,TVLastHitDate
Q_124,TVFirstHitBanner
Q_125,TVLastHitBanner
Q_126,TVBannerList
Q_127,TVNetworkAllHits
Q_128,TVNetworkLastHit
Q_129,TVProgramAllHits
Q_13,firstHit
Q_130,TVProgramLastHit
Q_131,TVDaysBetween
Q_132,CustomTagdaypartList
Q_133,CustomTagExtCampaignIdList
Q_134,DeviceId
Q_15,Ignitecontrol
Q_150,TVDayBracket2AMto6AM
Q_151,TVDayBracket11PMto2AM
Q_152,TVDayBracket8PMto11PM
Q_153,TVDayBracket4PMto8PM
Q_154,TVDayBracket10AMto4PM
Q_155,TVDayBracket6AMto10AM
Q_156,group
Q_16,Q_16
Q_161,Q_161
Q_166,Q_166
Q_168,Q_168
Q_169,Q_169
Q_17,Q_17
Q_170,Q_170
Q_171,Q_171
Q_172,Q_172
Q_173,Q_173
Q_174,Q_174
Q_175,Country
Q_176,state
Q_177,Q_177
Q_178,DMA
Q_18,Q_18
Q_182_1,Q_182_1
Q_182_2,Q_182_2
Q_182_3,Q_182_3
Q_184,Q_184
Q_185_1,Including_any_companies_that_offer_on_demand_or_same_day_delivery_solutions_you_may_have_already_mentioned_which_of_these_have_you_heard_of_DoorDash
Q_185_2,Including_any_companies_that_offer_on_demand_or_same_day_delivery_solutions_you_may_have_already_mentioned_which_of_these_have_you_heard_of_Uber_Eats
Q_185_3,Including_any_companies_that_offer_on_demand_or_same_day_delivery_solutions_you_may_have_already_mentioned_which_of_these_have_you_heard_of_Instacart
Q_185_4,Including_any_companies_that_offer_on_demand_or_same_day_delivery_solutions_you_may_have_already_mentioned_which_of_these_have_you_heard_of_Amazon
Q_185_5,Including_any_companies_that_offer_on_demand_or_same_day_delivery_solutions_you_may_have_already_mentioned_which_of_these_have_you_heard_of_Grubhub
Q_186_1,How_familiar_are_you_with_the_following_companies_that_offer_on_demand_or_same_day_delivery_solutions_DoorDash
Q_186_2,How_familiar_are_you_with_the_following_companies_that_offer_on_demand_or_same_day_delivery_solutions_Uber_Eats
Q_186_3,How_familiar_are_you_with_the_following_companies_that_offer_on_demand_or_same_day_delivery_solutions_Instacart
Q_186_4,How_familiar_are_you_with_the_following_companies_that_offer_on_demand_or_same_day_delivery_solutions_Amazon
Q_186_5,How_familiar_are_you_with_the_following_companies_that_offer_on_demand_or_same_day_delivery_solutions_GrubHub
Q_187_1,What_is_your_overall_opinion_of_the_following_companies_that_offer_on_demand_or_same_day_delivery_solutions_DoorDash
Q_187_2,What_is_your_overall_opinion_of_the_following_companies_that_offer_on_demand_or_same_day_delivery_solutions_Uber_Eats
Q_187_3,What_is_your_overall_opinion_of_the_following_companies_that_offer_on_demand_or_same_day_delivery_solutions_Instacart
Q_187_4,What_is_your_overall_opinion_of_the_following_companies_that_offer_on_demand_or_same_day_delivery_solutions_Amazon
Q_187_5,What_is_your_overall_opinion_of_the_following_companies_that_offer_on_demand_or_same_day_delivery_solutions_Grubhub
Q_188_1,How_likely_are_you_to_consider_choosing_each_of_these_companies_the_next_time_you_use_a_company_that_offers_on_demand_or_same_day_delivery_solutions_DoorDash
Q_188_2,How_likely_are_you_to_consider_choosing_each_of_these_companies_the_next_time_you_use_a_company_that_offers_on_demand_or_same_day_delivery_solutions_Uber_Eats
Q_188_3,How_likely_are_you_to_consider_choosing_each_of_these_companies_the_next_time_you_use_a_company_that_offers_on_demand_or_same_day_delivery_solutions_Instacart
Q_188_4,How_likely_are_you_to_consider_choosing_each_of_these_companies_the_next_time_you_use_a_company_that_offers_on_demand_or_same_day_delivery_solutions_Amazon
Q_188_5,How_likely_are_you_to_consider_choosing_each_of_these_companies_the_next_time_you_use_a_company_that_offers_on_demand_or_same_day_delivery_solutions_Grubhub
Q_189_1,more_than_rx_
Q_189_10,more_than_rx_Health_&_Medicine
Q_189_2,Q_189_2
Q_189_3,more_than_rx_DoorDash_Alcoholic_Beverages_
Q_189_4,more_than_rx_Packaged_Food_&_Non_Alcoholic_Beverages
Q_189_5,more_than_rx_Personal_Care_&_Beauty_
Q_189_6,more_than_rx_Household_Essentials_DoorDash
Q_189_7,more_than_rx_Flowers
Q_189_8,more_than_rx_Baby_Supplies_
Q_189_9,more_than_rx_Pet_Supplies
Q_190_1,vertical_consideration_Prepared_Foods
Q_190_10,vertical_consideration_Health_&_Medicine
Q_190_2,vertical_consideration_Fresh_Food_&_Produce
Q_190_3,vertical_consideration_Alcoholic_Beverages
Q_190_4,vertical_consideration_Packaged_Food_&_Non_Alcoholic_Beverages
Q_190_5,vertical_consideration_Personal_Care_&_Beauty
Q_190_6,vertical_consideration_Household_Essentials
Q_190_7,vertical_consideration_Flowers
Q_190_8,vertical_consideration_Baby_Supplies
Q_190_9,vertical_consideration_Pet_Supplies
Q_193_1,doordash_sentiment_DoorDash_Offers_a_wide_selection_of_brands_or_stores_across_a_variety_of_categories
Q_193_2,doordash_sentiment_DoorDash_Makes_my_life_easier
Q_193_3,doordash_sentiment_DoorDash_Has_my_favorite_brands_or_stores
Q_193_4,doordash_sentiment_DoorDash_Is_a_brand_I_trust
Q_193_5,doordash_sentiment_DoorDash_Is_an_essential_part_of_my_life
Q_196_1,Do_you_agree_or_disagree_that_DoorDash_Meets_my_needs_better_than_other_brands
Q_196_2,Do_you_agree_or_disagree_that_DoorDash_Is_different_than_other_brands
Q_196_3,Do_you_agree_or_disagree_that_DoorDash_Sets_trends_for_its_category
Q_199,How_do_you_feel_about_DoorDash
Q_2,freq
Q_200_1,on_demand_subscription_service_familiarity_Dashpass
Q_200_2,on_demand_subscription_service_familiarity_Uber_One
Q_200_3,on_demand_subscription_service_familiarity_Instcartplus
Q_200_4,on_demand_subscription_service_familiarity_Amazon_Prime
Q_201_1,Select_the_statement_that_best_describes_how_much_you_think_each_subscription_service_is_worth_Dashpass
Q_201_2,Select_the_statement_that_best_describes_how_much_you_think_each_subscription_service_is_worth_Uber_One
Q_201_3,Select_the_statement_that_best_describes_how_much_you_think_each_subscription_service_is_worth_InstacartPlus
Q_201_4,Select_the_statement_that_best_describes_how_much_you_think_each_subscription_service_is_worth_Amazon_Prime
Q_202_1,how_strongly_you_agree_or_disagree_with_the_following_statements_about_DashPass_DashPass_Makes_members_lives_better
Q_202_2,how_strongly_you_agree_or_disagree_with_the_following_statements_about_DashPass_DashPass_Consistently_adds_valuable_perks_and_benefits_for_members
Q_202_3,how_strongly_you_agree_or_disagree_with_the_following_statements_about_DashPass_DashPass_Saves_subscription_members_more_money_than_non_members_who_use_the_delivery_service
Q_202_4,how_strongly_you_agree_or_disagree_with_the_following_statements_about_DashPass_DashPass_Save_more_than_other_delivery_subscription_services
Q_202_5,how_strongly_you_agree_or_disagree_with_the_following_statements_about_DashPass_DashPass_Provides_more_value_than_other_non_delivery_subscription_services_e_g_TV_streaming_audio_streaming_fitness_fashion_etc
Q_203_1,benefit_awareness_0_delivery_fees_on_eligible_orders
Q_203_2,benefit_awareness_Reduced_service_fees_on_eligible_orders
Q_203_3,benefit_awareness_Access_to_exclusive_deals_for_DashPass_members
Q_203_4,benefit_awareness_Max_HBO_subscription_included_at_no_extra_cost
Q_203_5,benefit_awareness_Ability_to_add_someone_in_your_household_to_your_DashPass_membership_for_free
Q_203_6,benefit_awareness_Discounted_rides_with_Lyft
Q_206_1,meda_consumption_hrs_a_day_Watching_television_not_online
Q_206_2,meda_consumption_hrs_a_day_Reading_magazines_not_online
Q_206_3,meda_consumption_hrs_a_day_Reading_newspapers_not_online
Q_206_4,meda_consumption_hrs_a_day_Listening_to_the_radio_not_online
Q_206_5,meda_consumption_hrs_a_day_Listening_to_podcasts
Q_206_6,meda_consumption_hrs_a_day_Traveling_or_walking_around
Q_206_7,meda_consumption_hrs_a_day_using__the_Internet_on_a_laptop_or_PC_for_something_other_than_email
Q_206_8,meda_consumption_hrs_a_day_using__the_Internet_or_apps_on_a_mobile_device_for_something_other_than_email
Q_209_12,How_often_do_you_visit_Reddit
Q_209_14,How_often_do_you_visit_Snapchat
Q_209_16,How_often_do_you_visit_TikTok
Q_209_18,How_often_do_you_visit_X_formerly_known_as_Twitter
Q_209_4,How_often_do_you_visit_Facebook
Q_209_6,How_often_do_you_visit_Instagram
Q_209_8,How_often_do_you_visit_Netflix
Q_209_9,How_often_do_you_visit_Pinterest
Q_210_12,avg_how_long_do_you_spend_on_each_following_sites_apps_per_visit_Reddit
Q_210_14,avg_how_long_do_you_spend_on_each_following_sites_apps_per_visit_Snapchat
Q_210_16,avg_how_long_do_you_spend_on_each_following_sites_apps_per_visit_TikTok
Q_210_18,avg_how_long_do_you_spend_on_each_following_sites_apps_per_visit_X
Q_210_4,avg_how_long_do_you_spend_on_each_following_sites_apps_per_visit_Facebook
Q_210_6,avg_how_long_do_you_spend_on_each_following_sites_apps_per_visit_Instagram
Q_210_8,avg_how_long_do_you_spend_on_each_following_sites_apps_per_visit_Netflix
Q_210_9,avg_how_long_do_you_spend_on_each_following_sites_apps_per_visit_Pinterest
Q_211_12,When_did_you_last_visit_Reddit
Q_211_14,When_did_you_last_visit_Snapchat
Q_211_16,When_did_you_last_visit_TikTok
Q_211_18,When_did_you_last_visit_X
Q_211_4,When_did_you_last_visit_Facebook
Q_211_6,When_did_you_last_visit_Instagram
Q_211_8,When_did_you_last_visit_Netflix
Q_211_9,When_did_you_last_visit_Pinterest
Q_214_1,How_recently_have_you_driven_rode_transit_or_walked_by_Chicago_Loop_
Q_214_10,How_recently_have_you_driven_rode_transit_or_walked_by_N_La_Brea_Ave_&_Hawthorne_Ave
Q_214_11,How_recently_have_you_driven_rode_transit_or_walked_by_Sunset_Blvd_&_La_Cienega_Blvd
Q_214_12,How_recently_have_you_driven_rode_transit_or_walked_by_Santa_Monica_Place
Q_214_13,How_recently_have_you_driven_rode_transit_or_walked_by_Sunset_Blvd_&_Glendale_Blvd
Q_214_14,How_recently_have_you_driven_rode_transit_or_walked_by_Highland_Ave_&_Yucca_St
Q_214_15,How_recently_have_you_driven_rode_transit_or_walked_by_Hollywood_Ave_&_Vine_St
Q_214_16,How_recently_have_you_driven_rode_transit_or_walked_by_I95_Downtown_Miami_
Q_214_17,How_recently_have_you_driven_rode_transit_or_walked_by_7th_St_&_10th_St_
Q_214_18,How_recently_have_you_driven_rode_transit_or_walked_by_I95_Overtown_Miami_
Q_214_19,How_recently_have_you_driven_rode_transit_or_walked_by_Palmetto_Expy_&_36th_St_
Q_214_2,How_recently_have_you_driven_rode_transit_or_walked_by_S_Figueroa_St_&_W_9th_St
Q_214_20,How_recently_have_you_driven_rode_transit_or_walked_by_Airport_Expy_&_33rd_Ave_
Q_214_21,How_recently_have_you_driven_rode_transit_or_walked_by_Biscayne_Blvd_&_MacArthur_Cswy_
Q_214_22,How_recently_have_you_driven_rode_transit_or_walked_by_I95_&_2nd_Ave_
Q_214_23,How_recently_have_you_driven_rode_transit_or_walked_by_I95_&_23rd_St_
Q_214_3,How_recently_have_you_driven_rode_transit_or_walked_by_N_Cahuenga_Blvd_&_Selma_Ave
Q_214_4,How_recently_have_you_driven_rode_transit_or_walked_by_San_Bernardino_Hwy_I10_&_Frazier_St
Q_214_5,How_recently_have_you_driven_rode_transit_or_walked_by_Century_Fwy_105_&_Alameda_Ave
Q_214_6,How_recently_have_you_driven_rode_transit_or_walked_by_San_Diego_Fwy_405_&_Main_St
Q_214_7,How_recently_have_you_driven_rode_transit_or_walked_by_San_Gabriel_River_Fwy_I605_&_Brooks_Dr
Q_214_8,How_recently_have_you_driven_rode_transit_or_walked_by_Gardena_Fwy_91_&_Avalon_Blvd
Q_214_9,How_recently_have_you_driven_rode_transit_or_walked_by_Santa_Ana_Fwy_I5_&_Slauson_Ave
Q_215_1,How_often_do_you_visit_the_following_Chicago_Loop
Q_215_10,How_often_do_you_visit_the_following_N_La_Brea_Ave_&_Hawthorne_Ave
Q_215_11,How_often_do_you_visit_the_following_Sunset_Blvd_&_La_Cienega_Blvd
Q_215_12,How_often_do_you_visit_the_following_Santa_Monica_Place
Q_215_13,How_often_do_you_visit_the_following_Sunset_Blvd_&_Glendale_Blvd
Q_215_14,How_often_do_you_visit_the_following_Highland_Ave_&_Yucca_St
Q_215_15,How_often_do_you_visit_the_following_Hollywood_Ave_&_Vine_St
Q_215_16,How_often_do_you_visit_the_following_I95_Downtown_Miami
Q_215_17,How_often_do_you_visit_the_following_7th_St_&_10th_St
Q_215_18,How_often_do_you_visit_the_following_I95_Overtown_Miami
Q_215_19,How_often_do_you_visit_the_following_Palmetto_Expy_&_36th_St
Q_215_2,How_often_do_you_visit_the_following_S_Figueroa_St_&_W_9th_St
Q_215_20,How_often_do_you_visit_the_following_Airport_Expy_&_33rd_Ave
Q_215_21,How_often_do_you_visit_the_following_Biscayne_Blvd_&_MacArthur_Cswy
Q_215_22,How_often_do_you_visit_the_following_I95_&_2nd_Ave
Q_215_23,How_often_do_you_visit_the_following_I95_&_23rd_St
Q_215_3,How_often_do_you_visit_the_following_N_Cahuenga_Blvd_&_Selma_Ave
Q_215_4,How_often_do_you_visit_the_following_San_Bernardino_Hwy_I10_&_Frazier_St
Q_215_5,How_often_do_you_visit_the_following_Century_Fwy_105_&_Alameda_Ave
Q_215_6,How_often_do_you_visit_the_following_San_Diego_Fwy_405_&_Main_St
Q_215_7,How_often_do_you_visit_the_following_San_Gabriel_River_Fwy_I605_&_Brooks_Dr
Q_215_8,How_often_do_you_visit_the_following_Gardena_Fwy_91_&_Avalon_Blvd
Q_215_9,How_often_do_you_visit_the_following_Santa_Ana_Fwy_I5_&_Slauson_Ave
Q_218,Q_218
Q_219_1,Thanks_for_sharing_your_TV_viewing!_How_recently_have_you_watched_ABC
Q_219_10,Thanks_for_sharing_your_TV_viewing!_How_recently_have_you_watched_NBA_TV
Q_219_11,Thanks_for_sharing_your_TV_viewing!_How_recently_have_you_watched_TNT
Q_219_12,Thanks_for_sharing_your_TV_viewing!_How_recently_have_you_watched_CW
Q_219_13,Thanks_for_sharing_your_TV_viewing!_How_recently_have_you_watched_ESPN_NEWS
Q_219_14,Thanks_for_sharing_your_TV_viewing!_How_recently_have_you_watched_ESPN2
Q_219_15,Thanks_for_sharing_your_TV_viewing!_How_recently_have_you_watched_ESPNU
Q_219_16,Thanks_for_sharing_your_TV_viewing!_How_recently_have_you_watched_MeTV
Q_219_17,Thanks_for_sharing_your_TV_viewing!_How_recently_have_you_watched_MSG
Q_219_18,Thanks_for_sharing_your_TV_viewing!_How_recently_have_you_watched_MyNetwork_TV
Q_219_19,Thanks_for_sharing_your_TV_viewing!_How_recently_have_you_watched_NBC
Q_219_2,Thanks_for_sharing_your_TV_viewing!_How_recently_have_you_watched_Cartoon_Network_
Q_219_20,Thanks_for_sharing_your_TV_viewing!_How_recently_have_you_watched_SEC_Network_
Q_219_21,Thanks_for_sharing_your_TV_viewing!_How_recently_have_you_watched_truTV_
Q_219_22,Thanks_for_sharing_your_TV_viewing!_How_recently_have_you_watched_Pickleball_TV
Q_219_23,Thanks_for_sharing_your_TV_viewing!_How_recently_have_you_watched_Tennis_Channel
Q_219_24,Thanks_for_sharing_your_TV_viewing!_How_recently_have_you_watched_placeholder
Q_219_25,Thanks_for_sharing_your_TV_viewing!_How_recently_have_you_watched_placeholder
Q_219_26,Thanks_for_sharing_your_TV_viewing!_How_recently_have_you_watched_placeholder
Q_219_27,Thanks_for_sharing_your_TV_viewing!_How_recently_have_you_watched_placeholder
Q_219_28,Thanks_for_sharing_your_TV_viewing!_How_recently_have_you_watched_placeholder
Q_219_3,Thanks_for_sharing_your_TV_viewing!_How_recently_have_you_watched_CBS
Q_219_4,Thanks_for_sharing_your_TV_viewing!_How_recently_have_you_watched_CBS_Sports_Network_
Q_219_5,Thanks_for_sharing_your_TV_viewing!_How_recently_have_you_watched_Comedy_Central
Q_219_6,Thanks_for_sharing_your_TV_viewing!_How_recently_have_you_watched_ESPN
Q_219_7,Thanks_for_sharing_your_TV_viewing!_How_recently_have_you_watched_FOX
Q_219_8,Thanks_for_sharing_your_TV_viewing!_How_recently_have_you_watched_FS1_
Q_219_9,Thanks_for_sharing_your_TV_viewing!_How_recently_have_you_watched_FX_
Q_220_1,Q_220_1
Q_220_10,Q_220_10
Q_220_11,Q_220_11
Q_220_12,Q_220_12
Q_220_13,Q_220_13
Q_220_14,Q_220_14
Q_220_15,Q_220_15
Q_220_16,Q_220_16
Q_220_17,Q_220_17
Q_220_18,Q_220_18
Q_220_19,Q_220_19
Q_220_2,Q_220_2
Q_220_20,Q_220_20
Q_220_21,When_do_you_watch_When_do_you_watch_
Q_220_22,Q_220_22
Q_220_23,Q_220_23
Q_220_24,Q_220_24
Q_220_25,Q_220_25
Q_220_26,Q_220_26
Q_220_27,Q_220_27
Q_220_28,Q_220_28
Q_220_29,Q_220_29
Q_220_3,Q_220_3
Q_220_30,Q_220_30
Q_220_4,Q_220_4
Q_220_5,Q_220_5
Q_220_6,Q_220_6
Q_220_7,Q_220_7
Q_220_8,Q_220_8
Q_220_9,Q_220_9
Q_223,Which_cable_satellite_TV_provider_do_you_use
Q_224,How_do_you_primarily_watch_TV_shows
Q_225,Q_225
Q_226,Is_there_at_least_one_smart_TV_in_your_household_A_smart_TV_is_a_digital_television_that_is_internet_enabled_or_connected_with_the_internet_
Q_227,What_brand_of_smart_TV_do_you_use_most_often_to_watch_television_at_home
Q_230,When_was_the_last_time_you_used_a_company_that_offers_on_demand_or_same_day_delivery_to_get_items_delivered_to_youAs_a_reminder_on_demand_delivery_refers_to_placing_your_order_with_an_app_or_website_to_be_delivered_within_hours_or_the_same_day_Items_delivered_could_be_restaurant_food_groceries_alcohol_flowers_household_essentials_pet_supplies_etc_
Q_231,Q_231
Q_232,Q_232
Q_233_1,In_the_past_3_months_thinking_of_the_categories_and_types_of_items_that_you_have_purchased_how_were_these_purchases_made
Q_233_10,Q_233_10
Q_233_11,Q_233_11
Q_233_2,In_the_past_3_months_thinking_of_the_categories_and_types_of_items_that_you_have_purchased_how_were_these_purchases_made
Q_233_3,Q_233_3
Q_233_4,Q_233_4
Q_233_5,Q_233_5
Q_233_6,Q_233_6
Q_233_7,Q_233_7
Q_233_8,Q_233_8
Q_233_9,purchased_method_L3M_In_the_past_3_months_thinking_of_the_categories_and_types_of_items_that_you_have_purchased_how_were_these_purchases_made
Q_234_1,brand_familiarity_same_day_delivery_DoorDash
Q_234_2,brand_familiarity_same_day_delivery_Uber_Eats
Q_234_3,brand_familiarity_same_day_delivery_Instacart
Q_234_4,brand_familiarity_same_day_delivery_Amazon
Q_234_5,brand_familiarity_same_day_delivery_Grubhub
Q_235_1,purchase_frequency_L30D__DoorDash
Q_235_2,purchase_frequency_L30D_Uber_Eats
Q_235_3,purchase_frequency_L30D_Instacart
Q_235_4,purchase_frequency_L30D_Amazon
Q_235_5,purchase_frequency_L30D_Grubhub
Q_238,What_best_describes_your_gender
Q_239,Q_239
Q_24,sampleID
Q_240,Q_240
Q_241,Q_241
Q_243_1,Brand_Attributes
Q_243_2,Brand_Attributes_MDS
Q_246,Did_you_watch_the_2025_Super_Bowl_on_television_or_via_streaming_TV
Q_247,Q_247
Q_248,For_the_part_of_the_Super_Bowl_that_you_tuned_in_for_did_you_watch_the_commercials
Q_249,Did_you_recall_seeing_an_ad_for_DoorDash_during_the_Super_Bowl
Q_25,Q_25
Q_253,TV_Exposed
Q_254,6AM_to_10AM
Q_255,10AM_to_4PM
Q_256,4PM_to_8PM
Q_257,8PM_to_11PM
Q_258,11PM_to_2AM
Q_259,2AM_to_6AM
Q_260,Network_ABC
Q_261,Network_Cartoon_Network_
Q_262,Network_CBS
Q_263,Network_CBS_Sports_Network_
Q_264,Network_Comedy_Central
Q_265,Network_CW
Q_266,Network_ESPN
Q_267,Network_ESPN_Deportes
Q_268,Network_ESPN_NEWS
Q_269,Network_ESPN2
Q_270,Network_ESPNU
Q_271,Network_FOX
Q_272,Network_FS1
Q_273,Network_FX
Q_274,Network_Madison_Square_Garden
Q_275,Network_MeTV
Q_276,Network_MSG
Q_277,Network_MyNetwork_TV
Q_278,Network_NBA_TV
Q_279,Cross_Media_Coding_Network_NBC
Q_28,ftouch
Q_280,Network_SEC_Network_
Q_281,Network_TNT
Q_282,Network_truTV
Q_283,ISCI_DSHD0207000H
Q_284,ISCI_DSHD0208000H
Q_285,ISCI_DSHD0209000H
Q_286,ISCI_DSHD0210000H
Q_287,Creative_Name_In_The_Bag_Brand_Multitasking_Mom_GMTV_15
Q_288,Creative_Name_In_The_Bag_Brand_Multitasking_Mom_GMTV_30
Q_289,Creative_Name_In_The_Bag_Brand_Paper_Plane_DP_GMTV_15
Q_290,Creative_Name_In_The_Bag_Brand_Paper_Plane_DP_GMTV_30
Q_291,Length15
Q_292,Length30
Q_295,Program_Name_ABBOTT_ELEMENTARY
Q_296,Program_Name_ACCESS_HOLLYWOOD
Q_297,Program_Name_AMERICAS_FUNNIEST_HOME_VIDEOS
Q_299,Program_Name_BASKETBALL_STORIES
Q_3,CampaignCount
Q_30,peerfreq
Q_300,Program_Name_CARS_TV
Q_301,Program_Name_CELEBRITY_JEOPARDY!
Q_302,Program_Name_CFP_NATIONAL_CHAMPIONSHIP
Q_303,Program_Name_COLLEGE_BASKETBALL
Q_304,Program_Name_COLLEGE_FOOTBALL_LIVE
Q_305,Program_Name_DOC
Q_307,Program_Name_ENTERTAINMENT_TONIGHT
Q_31,bannerList
Q_310,Program_Name_FAMILY_FEUD
Q_314,Program_Name_GOING_DUTCH
Q_315,Program_Name_HARDWOOD_CLASSICS
Q_316,Program_Name_HELLS_KITCHEN
Q_317,Program_Name_HIGH_POTENTIAL
Q_320,Program_Name_IMPRACTICAL_JOKERS
Q_321,Program_Name_INSIDE_EDITION
Q_323,Program_Name_INSIDE_THE_NBA
Q_324,Program_Name_JEOPARDY!
Q_327,Program_Name_KITCHEN_NIGHTMARES
Q_328,Program_Name_KRAPOPOLIS
Q_329,Program_Name_MOVIE
Q_331,Program_Name_NBA_BASKETBALL
Q_332,Program_Name_NBA_COUNTDOWN
Q_333,Program_Name_NBA_CRUNCHTIME
Q_334,Program_Name_NBA_GAMETIME
Q_335,Program_Name_NBA_GAMETIME_LIVE
Q_336,Program_Name_NBA_ON_TNT_POSTGAME_SHOW
Q_337,Program_Name_NBA_TIP_OFF
Q_339,Program_Name_NBA_TV_MARQUEE_MATCHUP
Q_340,Program_Name_NBA_TV_POSTGAME_SHOW
Q_341,Program_Name_NFL_FOOTBALL
Q_342,Program_Name_NFL_ON_FOX_PREGAME
Q_344,Program_Name_ONLY_MURDERS_IN_THE_BUILDING
Q_345,Program_Name_PARADISE
Q_346,Program_Name_PARDON_THE_INTERRUPTION
Q_347,Program_Name_PERSON_PLACE_OR_THING
Q_349,Program_Name_POSTSEASON_NFL_COUNTDOWN
Q_352,Program_Name_RESCUEHISURF
Q_353,Program_Name_RUN_IT_BACK
Q_357,Program_Name_SHARK_TANK
Q_358,Program_Name_SHIFTING_GEARS
Q_359,Program_Name_SPECIAL_FORCESWORLDS_TOUGHEST_TEST
Q_360,Program_Name_SPORTSCENTER
Q_361,Program_Name_SPORTSCENTER_WITH_SCOTT_VAN_PELT
Q_362,Program_Name_SUNDAY_NFL_COUNTDOWN
Q_364,Program_Name_THE_BACHELOR
Q_368,Program_Name_THE_GREAT_NORTH
Q_370,Program_Name_THE_PAT_MCAFEE_SHOW
Q_371,Program_Name_THE_PRICE_IS_RIGHT_AT_NIGHT
Q_372,Program_Name_THE_ROOKIE
Q_373,Program_Name_THE_SIMPSONS
Q_375,Program_Name_UNIVERSAL_BASIC_GUYS
Q_376,Program_Name_WHAT_WOULD_YOU_DO
Q_377,Program_Name_WHEEL_OF_FORTUNE
Q_378,Program_Name_WOMENS_COLLEGE_BASKETBALL
Q_379_12,Playstation_Reddit
Q_379_14,Roku_Snapchat
Q_379_16,Spotify_Megaphone_TikTok
Q_379_28,Placeholder_7_PME_Overall
Q_379_29,PME_Overall_Aggregate_PME_&_Tracked
Q_379_9,Netflix_Pinterest
Q_380,TV_ISCIRDOR0836000H
Q_381,TV_ISCIRDOR0852000H
Q_382,Network_Anger_Management_Channel
Q_383,Network_Crime_360
Q_384,Network_Fox_News_Channel
Q_385,Network_Home_&_Garden_Television
Q_386,Network_IND
Q_387,Network_ION_Mystery
Q_388,Network_Love_Kills
Q_389,Network_MNT
Q_390,Network_MTV
Q_391,Network_NBC_News_NOW
Q_392,Network_New_England_Sports_Network_
Q_393,Network_Oxygen
Q_394,Network_Paramount_Network_
Q_395,Network_ParamountPlus_with_SHOWTIME
Q_396,Network_STARZ_ENCORE_Action
Q_397,Network_STARZ_Kids_&_Family
Q_398,Network_Showtime_2
Q_399,Network_TELMUN
Q_4,banner
Q_401,Network_USA_Network_
Q_403,RDOR0837000H
Q_404,RDOR0844000H
Q_405,RDOR0845000H
Q_407_1,consumer_action_or_interactions_L30D_Please_select_all_that_apply
Q_407_2,consumer_action_or_interactions_L30D_Please_select_all_that_apply_consumer_action_or_interactions_L30D_Please_select_all_that_apply_
Q_407_3,consumer_action_or_interactions_L30D_Please_select_all_that_apply_consumer_action_or_interactions_L30D_Please_select_all_that_apply_
Q_407_4,consumer_action_or_interactions_L30D_Please_select_all_that_apply_consumer_action_or_interactions_L30D_Please_select_all_that_apply_
Q_407_5,consumer_action_or_interactions_L30D_Please_select_all_that_apply_consumer_action_or_interactions_L30D_Please_select_all_that_apply_
Q_407_6,consumer_action_or_interactions_L30D_Please_select_all_that_apply_consumer_action_or_interactions_L30D_Please_select_all_that_apply_
Q_410,Q_410
Q_411_1,How_recently_have_you_listened_to_each_of_the_following_podcasts_Select_one_answer_for_each_The_Locked_On_NBA
Q_411_10,How_recently_have_you_listened_to_each_of_the_following_podcasts_Select_one_answer_for_each_Your_Moms_House
Q_411_11,How_recently_have_you_listened_to_each_of_the_following_podcasts_Select_one_answer_for_each_2_Bears_1_Cave_with_Tom_Segura_&_Bert_Kreischer
Q_411_12,How_recently_have_you_listened_to_each_of_the_following_podcasts_Select_one_answer_for_each_The_Locked_On_NFL
Q_411_13,How_recently_have_you_listened_to_each_of_the_following_podcasts_Select_one_answer_for_each_The_Locked_On_College_Sports
Q_411_14,How_recently_have_you_listened_to_each_of_the_following_podcasts_Select_one_answer_for_each_Throwbacks_with_Matt_Leinart_&_Jerry_Ferrara
Q_411_2,How_recently_have_you_listened_to_each_of_the_following_podcasts_Select_one_answer_for_each_Roommates_Show_with_Jalen_Brunson_&_Josh_Hart
Q_411_3,How_recently_have_you_listened_to_each_of_the_following_podcasts_Select_one_answer_for_each_The_Big_Podcast_with_Shaq
Q_411_4,How_recently_have_you_listened_to_each_of_the_following_podcasts_Select_one_answer_for_each_7PM_in_Brooklyn_with_Carmelo_Anthony
Q_411_5,How_recently_have_you_listened_to_each_of_the_following_podcasts_Select_one_answer_for_each_The_Right_Time_with_Bomani_Jones
Q_411_6,How_recently_have_you_listened_to_each_of_the_following_podcasts_Select_one_answer_for_each_IMO_with_Michelle_Obama_and_Craig_Robinson
Q_411_7,How_recently_have_you_listened_to_each_of_the_following_podcasts_Select_one_answer_for_each_The_Joe_Rogan_Experience
Q_411_8,How_recently_have_you_listened_to_each_of_the_following_podcasts_Select_one_answer_for_each_This_Past_Weekend_with_Theo_Von
Q_411_9,How_recently_have_you_listened_to_each_of_the_following_podcasts_Select_one_answer_for_each_Good_for_You_with_Whitney_Cummings
Q_412_1,How_frequently_do_you_listen_to_each_of_the_following_podcasts_The_Locked_On_NBA
Q_412_10,How_frequently_do_you_listen_to_each_of_the_following_podcasts_Your_Moms_House
Q_412_11,How_frequently_do_you_listen_to_each_of_the_following_podcasts_2_Bears_1_Cave_with_Tom_Segura_&_Bert_Kreischer
Q_412_12,How_frequently_do_you_listen_to_each_of_the_following_podcasts_The_Locked_On_NFL
Q_412_13,How_frequently_do_you_listen_to_each_of_the_following_podcasts_The_Locked_On_College_Sports
Q_412_14,How_frequently_do_you_listen_to_each_of_the_following_podcasts_Throwbacks_with_Matt_Leinart_&_Jerry_Ferrara
Q_412_2,How_frequently_do_you_listen_to_each_of_the_following_podcasts_Roommates_Show_with_Jalen_Brunson_&_Josh_Hart
Q_412_3,How_frequently_do_you_listen_to_each_of_the_following_podcasts_The_Big_Podcast_with_Shaq
Q_412_4,How_frequently_do_you_listen_to_each_of_the_following_podcasts_7PM_in_Brooklyn_with_Carmelo_Anthony
Q_412_5,How_frequently_do_you_listen_to_each_of_the_following_podcasts_The_Right_Time_with_Bomani_Jones
Q_412_6,How_frequently_do_you_listen_to_each_of_the_following_podcasts_IMO_with_Michelle_Obama_and_Craig_Robinson
Q_412_7,How_frequently_do_you_listen_to_each_of_the_following_podcasts_The_Joe_Rogan_Experience
Q_412_8,How_frequently_do_you_listen_to_each_of_the_following_podcasts_This_Past_Weekend_with_Theo_Von
Q_412_9,How_frequently_do_you_listen_to_each_of_the_following_podcasts_Good_for_You_with_Whitney_Cummings
Q_414,IsAnonymized
Q_415,Network_A&E_Network
Q_416,Network_ACC_Network
Q_417,Network_AMC
Q_418,Network_Animal_Planet
Q_419,Network_BET_Soul
Q_420,Network_BOUNCE
Q_421,Network_Bounce_XL
Q_422,Network_Cold_Case_Files_by_A&E
Q_423,Network_Confess_by_Nosey
Q_424,Network_Death_Valley_Days
Q_425,Network_E!_Entertainment_Television
Q_426,Network_Family_Feud_Classic
Q_427,Network_FanDuel_Sports_Network_Southwest
Q_428,Network_Forensic_Files
Q_429,Network_Fox_Sports_2
Q_430,Network_Freeform
Q_431,Network_Haunt_TV
Q_432,Network_HBO
Q_433,Network_Ice_Road_Truckers
Q_434,Network_Investigation_Discovery
Q_435,Network_ION
Q_436,Network_Joel_Osteen_Network_
Q_437,Network_Lifetime_Movies
Q_438,Network_MGMPlus_Hits
Q_439,Network_NBC_Sports_Bay_Area
Q_440,Network_NHL_Network_US
Q_441,Network_Pickleball_TV
Q_442,Network_Supermarket_Sweep
Q_443,Network_TBS_Superstation
Q_444,Network_Tennis_Channel
Q_445,Network_THENESTHD
Q_446,Network_ThrillerMAX
Q_447,Network_TRUCRIMN
Q_448,Network_TV_Land
Q_449,Network_Unsolved_Mysteries
Q_45,TargetID
Q_450,Network_Xtreme_Outdoor_Presented_By_History
Q_451,Length60
Q_452,ISCI_CREATIVE_DSHD0215000H
Q_453,ISCI_CREATIVE_DSHD0216000H
Q_454,ISCI_CREATIVE_DSHD0218000H
Q_455,ISCI_CREATIVE_DSHD0219000H
Q_456,ISCI_CREATIVE_DSHD0220000H
Q_457,DaypartDAY
Q_458,DaypartEARLY_FRINGE
Q_459,DaypartEARLY_MORNING
Q_46,CreativeidList
Q_460,DaypartLATE_FRINGE
Q_461,DaypartLATE_NIGHT
Q_462,DaypartPRIME
Q_463,Creative_NameComida_En_La_Casa_MLS_End_Card_30
Q_464,Creative_NameDashPass_Evergreen_2025_Steam_DP_GMTV_15
Q_465,Creative_NameDashPass_Evergreen_2025_Surveillance_DP_GMTV_15
Q_466,Creative_NameDashPass_Evergreen_2025_Surveillance_DP_GMTV_30
Q_467,Creative_NameIn_The_Bag_Brand_Aerobics_Man_Shoprite_GMTV_30
Q_468,Creative_NameSuper_Bowl_2025_DashPass_Math_GMTV_REV_2_30
Q_469,Creative_NameSuper_Bowl_2025_DashPass_Math_GMTV_15
Q_47,PlacementidList
Q_470,Creative_NameDD_TV_BR_ALL_Hispanic_Q125_Comida_En_La_Casa_MLS_End_Card_30_ECX_NAT_NA
Q_471,Creative_NameDD_TV_BR_DP_Super_Bowl_2025_DashPass_Math_DRTV_15_DPS_NAT_NA_RDOR0845000H
Q_472,Creative_NameDD_TV_BR_DP_Super_Bowl_2025_DashPass_Math_DRTV_60_DPS_NAT_NA_RDOR0837000H
Q_473,Creative_NameSuper_Bowl_2025_DashPass_Math_GMTV_60
Q_474,Network_48_Hours
Q_475,Network_ActionMAX
Q_476,Network_Americas_Test_Kitchen
Q_477,Network_Ax_Men
Q_478,Network_Bellator_MMA
Q_479,Network_Black_Ink_Crew
Q_48,onlinefreq
Q_480,Network_Boomerang
Q_481,Network_Bravo
Q_482,Network_BritBox_Mysteries
Q_483,Network_CATCHYCOMEDY
Q_484,Network_CBC_News
Q_485,Network_CBS_Sports_HQ
Q_486,Network_Consumer_News_&_Business_Channel
Q_487,Network_COPS
Q_488,Network_COZI
Q_489,Network_DABL
Q_49,mobilefreq
Q_490,Network_DangerTV
Q_491,Network_ESTR_E
Q_492,Network_FanDuel_Sports_Network_Extra
Q_493,Network_FanDuel_Sports_Network_Ohio
Q_494,Network_FanDuel_Sports_Network_South
Q_495,Network_FanDuel_Sports_Network_West
Q_496,Network_FAVETV
Q_497,Network_Fox_11_Los_Angeles
Q_498,Network_FOX_Weather
Q_499,Network_Free_Movie_Network_
Q_50,viewability_count
Q_500,Network_FX_Movie_Channel
Q_501,Network_FYI
Q_502,Network_Game_Show_Central
Q_503,Network_Game_Show_Network_
Q_504,Network_GETTV
Q_505,Network_Hallmark_Mystery
Q_506,Network_HBO_2
Q_507,Network_HBO_Comedy
Q_508,Network_History
Q_509,Network_History_Hit
Q_510,Network_HLN
Q_511,Network_Investigation
Q_512,Network_Lifetime_Television
Q_513,Network_LiveNOW_from_FOX
Q_514,Network_Local_Now
Q_515,Network_Love_Nature
Q_516,Network_Mid_Atlantic_Sports_Network_
Q_517,Network_MLB_Network_
Q_518,Network_Motor_Trend
Q_519,Network_MOVIEMAX
Q_520,Network_msnbc
Q_521,Network_MTV_Classic
Q_522,Network_MTV_Live
Q_523,Network_MTV_Pluto_TV
Q_524,Network_NA
Q_525,Network_NatGeo_WILD
Q_526,Network_NBC_Sports_Philadelphia
Q_527,Network_New_York_News_1
Q_528,Network_Newsmax_in
Q_529,Network_PBS
Q_53,psid
Q_530,Network_PowerNation
Q_531,Network_Project_Runway
Q_532,Network_ReelzChannel
Q_533,Network_SHOPLC
Q_534,Network_Space_City_Home_Network_
Q_535,Network_STARTTV_E
Q_536,Network_STARZ_Comedy
Q_537,Network_STARZ_Edge
Q_538,Network_STARZ_ENCORE_Black
Q_539,Network_STARZ_ENCORE_Classic
Q_540,Network_STARZ_InBlack
Q_541,Network_Stingray_Cozy_Café
Q_542,Network_Stingray_Naturescape
Q_543,Network_The_Weather_Channel
Q_544,Network_TheGrio_TV_Cable
Q_545,Network_Threes_Company
Q_546,Network_Tosh_0
Q_547,Network_Transformers
Q_548,Network_Turner_Classic_Movies
Q_549,Network_TV5_Monde
Q_550,Network_UNI
Q_551,Network_UNIMAS_E
Q_552,Network_Vevo_Country
Q_553,Network_VH1_I_Love_Reality
Q_554,Network_VISIONLATINA
Q_555,Network_Wild_N_Out
Q_556,Network_Worlds_Most_Evil_Killers
Q_557,Network_ZENlife_by_Stingray
Q_558,ISCI_DSHD0221000H
Q_559,ISCI_DSHD0222000H
Q_560,ISCI_DSHD0223000H
Q_561,TV_Ad_Title_for_Reporting_DashPass_Evergreen_2025_Steam_DP_GMTV_30
Q_562,TV_Ad_Title_for_Reporting_DashPass_Evergreen_2025_Surveillance_DP_NBA_Endcard_GMTV_15
Q_563,TV_Ad_Title_for_Reporting_DashPass_Evergreen_2025_Surveillance_DP_NBA_Endcard_GMTV_30
Q_564,Creative_Taxonomy_DD_TV_BR_DP_DashPass_Evergreen_2025_Surveillance_DP_NBA_Endcard_GMTV_15_DPS_NAT_NA
Q_565,Creative_Taxonomy_DD_TV_BR_DP_DashPass_Evergreen_2025_Surveillance_DP_NBA_Endcard_GMTV_30_DPS_NAT_NA
Q_566,Creative_Taxonomy_DD_TV_BR_DP_Super_Bowl_2025_DashPass_Math_GMTV_REV_2_30_DPS_NAT_NA
Q_567,Creative_Taxonomy_DD_TV_BR_DP_Super_Bowl_2025_DashPass_Math_GMTV_15_DPS_NAT_NA
Q_568,Creative_Taxonomy_DD_TV_BR_GRO_In_The_Bag_Brand_Multitasking_Mom_GMTV_15_ECX_NAT_NA
Q_569,Creative_Taxonomy_DD_TV_BR_GRO_In_The_Bag_Brand_Multitasking_Mom_GMTV_30_ECX_NAT_NA
Q_570,Creative_Taxonomy_DD_TV_PART_GRO_In_The_Bag_Brand_Aerobics_Man_Shoprite_GMTV_15_ECX_NAT_NA
Q_571,Creative_Taxonomy_DD_TV_PART_GRO_In_The_Bag_Brand_Aerobics_Man_Shoprite_GMTV_30_ECX_NAT_NA
Q_572,Campaign_Super_Bowl_2025
Q_573,Campaign_DashPass_Evergreen
Q_574,Campaign_Hispanic_Q1_25
Q_575,Campaign_NV_Providence
Q_576,Creative_Taxonomy_DD_TV_BR_DP_DashPass_Evergreen_2025_Steam_DP_GMTV_15_DPS_NAT_NA
Q_577,Creative_Taxonomy_DD_TV_BR_DP_DashPass_Evergreen_2025_Steam_DP_GMTV_30_DPS_NAT_NA
Q_578,Creative_Taxonomy_DD_TV_BR_DP_DashPass_Evergreen_2025_Surveillance_DP_GMTV_15_DPS_NAT_NA
Q_579,Creative_Taxonomy_DD_TV_BR_DP_DashPass_Evergreen_2025_Surveillance_DP_GMTV_30_DPS_NAT_NA
Q_580,TV_Ad_Title_for_Reporting_In_The_Bag_Brand_Multitasking_Mom_GMTV_30
Q_581,Network_American_Heroes_Channel
Q_582,Network_Are_We_There_Yet
Q_583,Network_ASPiRE_TV
Q_584,Network_BBC_America
Q_585,Network_Breaking_News
Q_586,Network_Cable_News_Network_
Q_587,Network_CBS_News_24_7
Q_588,Network_Cinemax
Q_589,Network_CNN_Headlines
Q_590,Network_Ebony_TV
Q_591,Network_FailArmy
Q_592,Network_FanDuel_Sports_Network_Florida
Q_593,Network_FanDuel_Sports_Network_Oklahoma
Q_594,Network_FanDuel_Sports_Network_SoCal
Q_595,Network_Fear_Factor
Q_596,Network_Fork_&_Flight
Q_597,Network_Fox_Deportes_en_Español
Q_598,Network_Hallmark_Movies_&_More
Q_599,Network_HerSphere
Q_6,PublisherID
Q_600,Network_Home_Made_Nation
Q_601,Network_IFC
Q_602,Network_ION_Plus
Q_603,Network_Lifetime_Real_Women
Q_604,Network_MeTVTOONHD_E
Q_605,Network_MGMPlus
Q_606,Network_MGMPlus_Marquee
Q_607,Network_MotorTrend_FAST_TV
Q_608,Network_Movie_Favorites_by_Lifetime
Q_609,Network_MOVIES!
Q_610,Network_National_Geographic_Channel
Q_611,Network_Revolt
Q_612,Network_Scripps_News
Q_613,Network_Showtime_Extreme
Q_614,Network_Showtime_Showcase
Q_615,Network_Spectrum_News_1_Charlotte
Q_616,Network_STARZ_Cinema
Q_617,Network_STARZ_ENCORE_Suspense
Q_618,Network_Syfy
Q_619,Network_The_BLK_Effect
Q_620,Network_The_Movie_Channel
Q_621,Network_The_Price_Is_RightThe_Barker_Era
Q_622,Network_TruBlu
Q_623,Network_Tu_Deportes_Network_
Q_624,Network_TV_ONE
Q_625,Network_VH1
Q_626,Network_WFSB_Eyewitness_News_3_Connecticut
Q_627,ISCI_DSHD0217000H
Q_628,ISCI_DSHD0225000H
Q_632_1,How_recently_have_you_used_these_methods_of_transportation_Car
Q_632_2,How_recently_have_you_used_these_methods_of_transportation_Public_bus
Q_632_3,How_recently_have_you_used_these_methods_of_transportation_Motorcycle
Q_632_4,How_recently_have_you_used_these_methods_of_transportation_Train_includes_subway_and_light_rail
Q_632_5,How_recently_have_you_used_these_methods_of_transportation_Ferry
Q_633_1,How_often_do_you_drive_ride_to_or_past_these_Downtown_central_business_district
Q_633_2,How_often_do_you_drive_ride_to_or_past_these_Highways_or_freeways
Q_633_3,Major_sporting_venues_such_as_stadiums_and_arenas
Q_633_4,Major_event_venues_such_as_concert_halls
Q_637_1,How_often_do_you_watch_shows_or_movies_using_Netflix
Q_637_2,How_often_do_you_watch_shows_or_movies_using_Roku
Q_637_3,How_often_do_you_watch_shows_or_movies_using_Hulu
Q_637_4,How_often_do_you_watch_shows_or_movies_using_Amazon_Prime
Q_638_1,avg_how_long_do_you_spend_on_these_streaming_services_during_each_visit_Netflix
Q_638_2,avg_how_long_do_you_spend_on_these_streaming_services_during_each_visit_Roku
Q_638_3,avg_how_long_do_you_spend_on_these_streaming_services_during_each_visit_Hulu
Q_638_4,avg_how_long_do_you_spend_on_these_streaming_services_during_each_visit_Amazon_Prime
Q_639,Which_of_the_following_Netflix_plans_do_you_have_or_are_you_a_user_of
Q_641,Network_Altitude_Sports_&_Entertainment
Q_642,Network_Crime_and_Investigation_Network
Q_643,Network_Deal_Zone
Q_644,Network_Hallmark_Family
Q_645,Network_Military_History_Channel
Q_646,Network_Sony_One_Competencias
Q_647,Network_SundanceTV
Q_648,Network_WJLA
Q_649,Network_Yankees_Television
Q_650,TV_Ad_Title_DashPass_Evergreen_2025_Surveillance_DP_WNBA_Endcard_GMTV_30
Q_651,Network_Magnolia_Network_
Q_652,Network_MovieSphere
Q_653,Network_RomanceCupids_Picks
Q_654,ISCI_DSHD0201000H
Q_655,ISCI_DSHD0202000H
Q_656,ISCI_DSHD0230000H
Q_657,ISCI_DSHD0231000H
Q_658,ISCI_DSHD0232000H
Q_659,TV_Campaign_Hispanic_2024
Q_660,TV_Campaign_Marketplace_Brand
Q_661,TV_Campaign_MLP_2025
Q_662,TV_Creative_Name_Cumulative_Comida_En_La_Casa_Subtitled_15
Q_663,TV_Creative_Name_Cumulative_DashPass_Evergreen_2025_Surveillance_DP_WNBA_Endcard_V2_GMTV_15
Q_664,TV_Creative_Name_Cumulative_DashPass_Evergreen_2025_Surveillance_DP_WNBA_Endcard_V2_GMTV_30
Q_665,TV_Creative_Name_Cumulative_Hispanic_2024_Comida_En_La_Casa_Subtitled_30
Q_666,TV_Creative_Name_Cumulative_In_The_Bag_Brand_Aerobics_Man_Shoprite_GMTV_15
Q_667,TV_Creative_Name_Cumulative_In_The_Bag_Brand_Aerobics_Man_Shoprite_GMTV_30
Q_668,TV_Creative_Name_Cumulative_Super_Bowl_2025_DashPass_Math_DRTV_15
Q_669,TV_Creative_Name_Cumulative_Super_Bowl_2025_DashPass_Math_DRTV_60
Q_670,TV_Creative_Name_Cumulative_Your_Door_to_Pickleball_Glory_30
Q_671,Grouped_TV_Name_Aerobics_Man
Q_672,Grouped_TV_Name_Comida_En_La_Casa
Q_673,Grouped_TV_Name_DashPass_Math
Q_674,Grouped_TV_Name_Multitasking_Mom
Q_675,Grouped_TV_Name_Paper_Plane_DP
Q_676,Grouped_TV_Name_Steam_DP
Q_677,Grouped_TV_Name_Surveillance_DP
Q_678,Grouped_TV_Name_Your_Door_to_Pickleball_Glory
Q_679,Creative_Taxonomy_DD_TV_BR_DP_DashPass_Evergreen_2025_Surveillance_DP_WNBA_Endcard_V2_GMTV_15_DPS_NAT_NA
Q_680,Creative_Taxonomy_DD_TV_BR_DP_DashPass_Evergreen_2025_Surveillance_DP_WNBA_Endcard_V2_GMTV_30_DPS_NAT_NA
Q_681,Creative_Taxonomy_DD_TV_BR_DP_In_The_Bag_Brand_Paper_Plane_DP_GMTV_15_DPS_NAT_NA
Q_682,Creative_Taxonomy_DD_TV_BR_DP_In_The_Bag_Brand_Paper_Plane_DP_GMTV_30_DPS_NAT_NA
Q_683,Creative_Taxonomy_DD_TV_BR_DP_Super_Bowl_2025_DashPass_Math_GMTV_60_DPS_NAT_NA
Q_684,Q_684
Q_685,Q_685
Q_686,Q_686
Q_687,Q_687
Q_688,Q_688
Q_689,Q_689
Q_690,Q_690
Q_691,Q_691
Q_692,Q_692
Q_693,Q_693
Q_694,Q_694
Q_695,Q_695
Q_696,Q_696
Q_697,Q_697
Q_698,Q_698
Q_699,Q_699
Q_7,peerlasthit
Q_700,Q_700
Q_701,Q_701
Q_702,Q_702
Q_703,Q_703
Q_704,Q_704
Q_705,Q_705
Q_706,Q_706
Q_707,Q_707
Q_708,Q_708
Q_709,Q_709
Q_71,ignitepartnerid
Q_710,Q_710
Q_711,Q_711
Q_712,Q_712
Q_713,Q_713
Q_714,Q_714
Q_715,Q_715
Q_716,Q_716
Q_717,Q_717
Q_718,Q_718
Q_719,Q_719
Q_72,rid
Q_720,Q_720
Q_721,Q_721
Q_722,Q_722
Q_723,Q_723
Q_724,Q_724
Q_725,Q_725
Q_728,Q_728
Q_729_1,Q_729_1
Q_729_2,Q_729_2
Q_729_3,Q_729_3
Q_729_4,Q_729_4
Q_729_5,Q_729_5
Q_731,Q_731
Q_74,group
Q_75,ResetBanner
Q_8,lastHit
Q_83,UI
Q_85,SCRL
Q_88,invitecontrolbannerid
Q_89,CustomTagValueAList
Q_9,siteID
Q_96,ViewabilityJSON
Q_97,Q_97
STARTTIME,Date
STARTTIME_1,STARTTIME_1
STATUS,STATUS